SlNo,RA_ICRS,DE_ICRS,Source,GLON,GLAT,plx,pmRA,pmDE,o_,GMag,BP-RP,PMemb,Cluster,SimbadName,_RA.icrs,_DE.icrs

1,102.01912417417,+39.22091161836,944483065240504064,176.6843865889,16.1535050414,1.7967,-3.673,-8.134,131,12.443222,0.695019,1.0,NGC_2281,Gaia DR2 944483065240504064,102.01914458727,+39.22094663975
2,102.88986983611,+39.47351124176,944545810418575488,176.7010520351,16.8725069391,1.7974,-2.945,-7.671,157,15.843757,1.522218,1.0,NGC_2281,Gaia DR2 944545810418575488,102.88988626254,+39.47354426968
3,102.60620065762,+39.56650179217,944596422313214720,176.5265204274,16.7033601671,1.8640,-2.733,-7.772,165,16.339184,1.734645,0.9,NGC_2281, ,102.60621592199,+39.56653525495
4,102.42439602242,+39.70867088213,944613597886791040,176.3345674265,16.6259129869,1.6719,-2.530,-7.514,132,17.369953,2.175997,0.7,NGC_2281, ,102.42441018207,+39.70870323407
5,102.39164438679,+39.40501119508,944573263849593472,176.6189160911,16.4896804999,1.7280,-3.386,-8.453,149,17.960222,2.392317,0.9,NGC_2281, ,102.39166325444,+39.40504758994
6,102.79146876183,+39.67065048529,944598037220882560,176.4803306136,16.8744113225,1.8382,-2.857,-7.654,141,12.993541,0.775237,1.0,NGC_2281,Gaia DR2 944598037220882560,102.79148474280,+39.67068344001
7,102.60897333875,+40.16092947162,944629442021671808,175.9500017293,16.9242363656,1.9950,-3.367,-8.370,142,16.962234,2.143464,1.0,NGC_2281,Gaia DR2 944629442021671808,102.60899230778,+40.16096550912
8,102.63459047576,+39.96515551850,944623154189559040,176.1478391902,16.8705820030,1.8772,-2.824,-7.476,150,15.373253,1.494601,1.0,NGC_2281,Gaia DR2 944623154189559040,102.63460633998,+39.96518770683
9,102.20768796576,+39.42232767576,944579925342997504,176.5468937144,16.3642772731,1.9421,-2.557,-7.975,129,14.789552,1.432414,1.0,NGC_2281,Gaia DR2 944579925342997504,102.20770221755,+39.42236201256
10,102.45909351425,+39.80191743674,944614461175767424,176.2544623042,16.6852154038,1.9028,-2.849,-7.941,153,14.566639,1.120639,1.0,NGC_2281,Gaia DR2 944614461175767424,102.45910948085,+39.80195162716
11,102.86219997326,+39.94763761674,944611162640902144,176.2317346485,17.0264871679,1.8489,-3.395,-8.539,105,17.874525,2.216661,0.6,NGC_2281, ,102.86221904027,+39.94767438188
12,102.40793425062,+39.53174257651,944576424945510528,176.5010880419,16.5484849189,1.8927,-2.818,-7.833,143,14.949043,1.222341,1.0,NGC_2281,Gaia DR2 944576424945510528,102.40794998185,+39.53177630193
13,101.55157697007,+39.75438959995,945262657641067136,176.0285137786,16.0206191595,1.7431,-2.926,-8.472,131,17.905872,2.313139,1.0,NGC_2281,Gaia DR2 945262657641067136,101.55159335688,+39.75442607662
14,101.81923744155,+40.83156848605,945471564850315136,175.0675827892,16.6134938584,1.7460,-3.146,-8.413,117,14.540086,1.145382,1.0,NGC_2281,Gaia DR2 945471564850315136,101.81925534356,+40.83160470869
15,101.81257203189,+40.84133146024,945471633569791744,175.0561691335,16.6124338115,1.6695,-2.680,-8.244,128,17.288074,2.428818,0.9,NGC_2281, ,101.81258728442,+40.84136695524
16,101.81970968280,+40.83768449914,945471564850314624,175.0617942838,16.6160950071,1.7799,-2.845,-8.305,135,10.738705,0.331547,1.0,NGC_2281,Gaia DR2 945471564850314624,101.81972587349,+40.83772025678
17,101.59546507691,+40.43159915912,945437067673034624,175.3884987430,16.3067418188,1.9306,-3.051,-8.219,159,17.735670,2.352938,1.0,NGC_2281,Gaia DR2 945437067673034624,101.59548233465,+40.43163454648
18,102.17281087297,+40.72973552776,945455617635072000,175.2697181664,16.8246162071,1.9845,-2.924,-8.609,126,12.409328,0.706504,1.0,NGC_2281,Gaia DR2 945455617635072000,102.17282748622,+40.72977259429
19,102.18804554046,+40.57707132057,945450601114067456,175.4224146547,16.7790972798,2.1371,-2.697,-8.310,124,15.533887,1.703936,1.0,NGC_2281,Gaia DR2 945450601114067456,102.18806082895,+40.57710709974
20,102.10942466206,+40.44020017553,945442251696626176,175.5321562181,16.6729785970,1.8494,-3.007,-8.249,126,16.639996,1.869894,1.0,NGC_2281,Gaia DR2 945442251696626176,102.10944167309,+40.44023569206
21,101.79578610275,+40.74985169161,945465242658462080,175.1398717046,16.5666622182,1.8715,-2.827,-8.279,121,15.691165,1.521436,1.0,NGC_2281,Gaia DR2 945465242658462080,101.79580216973,+40.74988733730
22,101.54491520719,+40.47235096349,945436689715913600,175.3341099459,16.2863672311,1.8833,-2.958,-8.162,159,12.891627,0.796826,1.0,NGC_2281,Gaia DR2 945436689715913600,101.54493194903,+40.47238610543
23,102.10365739471,+40.74894671537,945456584004370816,175.2308910258,16.7829877721,1.7804,-2.560,-8.354,132,16.712763,1.989707,0.9,NGC_2281, ,102.10367194403,+40.74898268398
24,102.01741161183,+40.78265267031,945468231955682560,175.1729939970,16.7347219397,1.9579,-2.960,-8.276,148,12.924549,0.826183,1.0,NGC_2281,Gaia DR2 945468231955682560,102.01742844301,+40.78268830309
25,101.78642300961,+40.74174617585,945465139579247872,175.1449712380,16.5570639723,1.9685,-2.858,-8.662,123,12.836734,0.809936,1.0,NGC_2281,Gaia DR2 945465139579247872,101.78643925080,+40.74178347057
26,101.92082002860,+40.90891933089,945473557715127552,175.0222867993,16.7134980515,1.9988,-3.071,-8.245,130,17.915913,2.436598,1.0,NGC_2281,Gaia DR2 945473557715127552,101.92083752426,+40.90895483019
27,101.17690756960,+39.97466781234,945329452972493056,175.7030904635,15.8381304912,1.8829,-3.117,-8.295,130,17.319760,2.102943,1.0,NGC_2281,Gaia DR2 945329452972493056,101.17692508222,+39.97470352692
28,101.53248241075,+40.46897844530,945436655356176768,175.3336692054,16.2763347512,1.9637,-3.004,-8.105,149,15.313626,1.580125,1.0,NGC_2281,Gaia DR2 945436655356176768,101.53249941209,+40.46901334183
29,101.52012351463,+40.46479810262,945436620996439296,175.3340287906,16.2660507088,2.0237,-2.856,-8.005,151,17.609184,2.490950,1.0,NGC_2281,Gaia DR2 945436620996439296,101.52013967735,+40.46483256859
30,101.82474269870,+40.68946439914,945464005707882496,175.2068709304,16.5645936767,1.8820,-3.192,-8.810,160,14.547215,1.258678,0.9,NGC_2281, ,101.82476082368,+40.68950233108
31,101.82297060016,+40.54964941987,945457924034198656,175.3417318839,16.5113374926,1.8627,-3.291,-8.187,135,16.554113,2.070957,1.0,NGC_2281,Gaia DR2 945457924034198656,101.82298924821,+40.54968466945
32,102.06497757130,+40.86702462316,945469675064682752,175.1049691562,16.7993121138,1.8336,-3.340,-8.354,129,14.207792,1.084852,1.0,NGC_2281,Gaia DR2 945469675064682752,102.06499658742,+40.86706059177
33,101.70700962744,+40.73059130598,945464933420822912,175.1324115912,16.4970616527,1.7422,-2.874,-8.301,130,17.274437,2.083509,0.9,NGC_2281, ,101.70702595682,+40.73062704640
34,101.75445636947,+40.67002556096,945463799549457408,175.2050077693,16.5078851796,1.8859,-2.719,-7.880,156,15.520556,1.438788,1.0,NGC_2281,Gaia DR2 945463799549457408,101.75447180413,+40.67005948874
35,101.67174209668,+40.42659386182,945433936639938944,175.4159975009,16.3587029139,2.0562,-2.553,-8.161,149,17.968178,2.303200,1.0,NGC_2281,Gaia DR2 945433936639938944,101.67175653645,+40.42662899946
36,102.11591972486,+40.81670395501,945468575553054592,175.1686718189,16.8165945585,1.9432,-2.954,-8.154,137,13.169520,0.844592,1.0,NGC_2281,Gaia DR2 945468575553054592,102.11593653054,+40.81673906251
37,101.73774445113,+40.08423228248,945413217718140928,175.7664082853,16.2771298681,1.8568,-2.782,-8.574,148,11.703029,0.572708,1.0,NGC_2281,Gaia DR2 945413217718140928,101.73776010671,+40.08426919831
38,101.80402526496,+39.72909133798,945352130400155264,176.1291043109,16.1908580049,1.7707,-2.874,-7.779,116,13.502646,0.871838,1.0,NGC_2281,Gaia DR2 945352130400155264,101.80404135464,+39.72912483090
39,101.71618149975,+40.26319823050,945419063170296576,175.5871048305,16.3289373981,1.9042,-2.708,-8.492,133,16.595850,1.857089,1.0,NGC_2281,Gaia DR2 945419063170296576,101.71619677914,+40.26323479328
40,102.35691534040,+40.53382203034,945402845373652480,175.5137740974,16.8824677914,1.9232,-3.126,-8.323,141,15.456041,1.424433,1.0,NGC_2281,Gaia DR2 945402845373652480,102.35693304932,+40.53385786548
41,101.99930676771,+40.84967025574,945469468906259328,175.1026746293,16.7467447078,1.9499,-2.770,-8.376,133,14.475366,1.146338,1.0,NGC_2281,Gaia DR2 945469468906259328,101.99932253443,+40.84970631907
42,102.36140236006,+40.50670312127,945402467416532480,175.5414406479,16.8756735563,2.0641,-3.036,-8.108,149,16.976690,1.998249,1.0,NGC_2281,Gaia DR2 945402467416532480,102.36141955217,+40.50673803071
43,101.93957306535,+40.96147234404,945474206253097600,174.9767633425,16.7460842621,1.9491,-2.660,-8.341,142,11.745397,0.587397,1.0,NGC_2281,Gaia DR2 945474206253097600,101.93958823158,+40.96150825668
44,102.09378458482,+40.84543387830,945468846133914752,175.1343238584,16.8116093585,1.9006,-2.962,-7.811,143,11.909739,0.751326,1.0,NGC_2281,Gaia DR2 945468846133914752,102.09380144332,+40.84546750899
45,101.89437368170,+40.83610487973,945471079516909184,175.0851810755,16.6679737452,2.0283,-2.637,-8.131,127,12.784267,0.803266,1.0,NGC_2281,Gaia DR2 945471079516909184,101.89438868832,+40.83613988820
46,102.30775281139,+40.56034174379,945403631354745728,175.4736511236,16.8574761747,1.9818,-2.900,-8.143,130,17.884420,2.343819,1.0,NGC_2281,Gaia DR2 945403631354745728,102.30776924651,+40.56037680393
47,101.80946819242,+40.78763425472,945471216955864320,175.1072882344,16.5903190951,1.8504,-2.605,-8.253,117,12.046626,0.660532,1.0,NGC_2281,Gaia DR2 945471216955864320,101.80948300611,+40.78766978847
48,102.41387165764,+40.39138357868,945397725772648960,175.6688486238,16.8704180008,1.7295,-2.911,-8.169,171,17.303474,2.134161,1.0,NGC_2281,Gaia DR2 945397725772648960,102.41388811364,+40.39141875076
49,101.88718394472,+40.80554991908,945470873358941056,175.1127016637,16.6516007342,1.8808,-3.170,-8.464,150,16.674530,1.903982,1.0,NGC_2281,Gaia DR2 945470873358941056,101.88720197623,+40.80558636130
50,101.88547755807,+40.51531851150,945447238155695104,175.3934096752,16.5426600318,1.8899,-3.021,-8.346,145,16.764290,1.920065,1.0,NGC_2281,Gaia DR2 945447238155695104,101.88549466743,+40.51535444567
51,102.23500658482,+40.66726699545,945452117238471168,175.3485362695,16.8454627082,1.9319,-2.959,-7.963,122,15.639014,1.490719,1.0,NGC_2281,Gaia DR2 945452117238471168,102.23502338117,+40.66730128059
52,102.16535985317,+40.69636071266,945455274037264768,175.2999585525,16.8070711284,1.9427,-2.670,-8.340,129,13.569697,0.925915,1.0,NGC_2281,Gaia DR2 945455274037264768,102.16537501567,+40.69639662099
53,102.26346635174,+40.57512953787,945450811568422144,175.4463504756,16.8316362828,1.9524,-2.783,-8.534,131,13.987635,1.007612,1.0,NGC_2281,Gaia DR2 945450811568422144,102.26348212728,+40.57516628148
54,101.86630517071,+40.39921001282,945444107122307968,175.5001481728,16.4859021359,1.9380,-2.785,-8.331,141,13.199361,0.867906,1.0,NGC_2281,Gaia DR2 945444107122307968,101.86632091626,+40.39924588240
55,101.70155879644,+40.38803292365,945432910144840064,175.4621205303,16.3653292776,1.8680,-3.053,-7.998,145,10.370989,0.250516,1.0,NGC_2281,Gaia DR2 945432910144840064,101.70157605431,+40.38806735948
56,102.45292877031,+40.44323650751,945398477390732672,175.6298595710,16.9171210220,1.8612,-3.097,-8.408,152,14.547340,1.175122,1.0,NGC_2281,Gaia DR2 945398477390732672,102.45294629127,+40.44327270862
57,102.26627688816,+40.34254196818,945396793763554816,175.6730066284,16.7478798281,1.9908,-3.038,-8.554,136,12.368939,0.702198,1.0,NGC_2281,Gaia DR2 945396793763554816,102.26629404966,+40.34257879790
58,101.99714342671,+40.47252671716,945443080627341824,175.4677733284,16.6056077174,1.8318,-3.158,-8.420,105,14.952320,1.270024,1.0,NGC_2281,Gaia DR2 945443080627341824,101.99716130057,+40.47256296994
59,101.70830901373,+40.25414825053,945418960091083520,175.5935033522,16.3199769948,2.0139,-3.125,-8.512,140,16.588732,1.850449,1.0,NGC_2281,Gaia DR2 945418960091083520,101.70832664361,+40.25418489942
60,102.17636740692,+40.27932573401,945390677730127872,175.7078663556,16.6608053603,1.7880,-2.680,-7.895,163,11.842722,0.622822,1.0,NGC_2281,Gaia DR2 945390677730127872,102.17638253193,+40.27935972637
61,101.82932700993,+39.71961106158,945351889881985408,176.1458713871,16.2053259252,1.8334,-2.774,-8.818,108,11.187852,1.142199,1.0,NGC_2281,Gaia DR2 945351889881985408,101.82934253764,+39.71964902797
62,101.83953428174,+40.85837510054,945471972870105728,175.0475457929,16.6376957365,2.0787,-2.847,-8.243,119,11.975911,0.661471,1.0,NGC_2281,Gaia DR2 945471972870105728,101.83955048887,+40.85841059123
63,102.21597350157,+40.59305196475,945450674129473664,175.4150652799,16.8047043960,1.8941,-3.034,-8.423,114,8.938391,0.231345,1.0,NGC_2281,Gaia DR2 945450674129473664,102.21599070452,+40.59308823044
64,102.12770016721,+40.80444404248,945456824522532992,175.1840101781,16.8203677283,1.8280,-3.177,-8.954,150,14.204519,1.100596,1.0,NGC_2281,Gaia DR2 945456824522532992,102.12771823823,+40.80448259442
65,101.23105166298,+40.09045123194,945331892513874304,175.6081389871,15.9204934265,1.9680,-3.725,-8.132,129,17.653065,2.272442,1.0,NGC_2281,Gaia DR2 945331892513874304,101.23107262716,+40.09048624472
66,102.07855715387,+40.76946197367,945468025797248128,175.2036495576,16.7728839569,1.8663,-3.138,-8.017,150,16.146477,1.671677,1.0,NGC_2281,Gaia DR2 945468025797248128,102.07857499365,+40.76949649131
67,102.09855968017,+40.63344924987,945453246813053696,175.3415051454,16.7367651541,1.7288,-2.641,-8.304,132,17.576513,2.168798,1.0,NGC_2281,Gaia DR2 945453246813053696,102.09857466384,+40.63348500320
68,101.93344064176,+40.64073968247,945459843882827520,175.2860204139,16.6230618502,2.1444,-2.610,-8.499,149,17.852633,2.303021,1.0,NGC_2281,Gaia DR2 945459843882827520,101.93345545117,+40.64077627539
69,101.96459435235,+40.86734371691,945472458203499392,175.0753964796,16.7288774481,1.9598,-2.976,-8.455,129,15.868654,1.599685,1.0,NGC_2281,Gaia DR2 945472458203499392,101.96461129614,+40.86738012038
70,101.95764621028,+40.86492629347,945472458203500160,175.0757141140,16.7231015667,1.9153,-2.906,-8.314,112,13.654941,0.956814,1.0,NGC_2281,Gaia DR2 945472458203500160,101.95766275492,+40.86496208986
71,101.94761552601,+40.86762242574,945472561282716032,175.0701703686,16.7170500403,1.8593,-3.116,-7.612,124,16.304615,1.769010,1.0,NGC_2281,Gaia DR2 945472561282716032,101.94763326696,+40.86765519963
72,101.75866900184,+40.53091294821,945458194615310208,175.3408747425,16.4590091016,1.7357,-3.199,-8.564,150,17.705984,2.210846,1.0,NGC_2281,Gaia DR2 945458194615310208,101.75868712352,+40.53094982099
73,101.83400380974,+40.40836387692,945444794317246592,175.4817302224,16.4664885349,1.8797,-3.078,-8.422,136,15.123239,1.316007,1.0,NGC_2281,Gaia DR2 945444794317246592,101.83402121419,+40.40840013831
74,101.99577528761,+40.81305795986,945469056589402624,175.1371716456,16.7307363195,1.8741,-3.012,-8.382,152,14.338324,1.111486,1.0,NGC_2281,Gaia DR2 945469056589402624,101.99579242232,+40.81309404903
75,101.88830040082,+40.90353562519,945473626434606976,175.0180160525,16.6886723075,1.7692,-3.240,-8.450,134,10.663364,0.303294,1.0,NGC_2281,Gaia DR2 945473626434606976,101.88831885778,+40.90357200713
76,101.62096409363,+40.58077334908,945438957458630528,175.2519185362,16.3805781414,1.9475,-2.885,-8.201,149,16.720236,1.878967,1.0,NGC_2281,Gaia DR2 945438957458630528,101.62098044874,+40.58080865894
77,102.60272175258,+40.28759751127,945381714134799488,175.8249751179,16.9662339045,1.9093,-2.966,-7.939,76,14.623605,1.152444,1.0,NGC_2281,Gaia DR2 945381714134799488,102.60273849372,+40.28763169307
78,101.86164909246,+40.41471479230,945444175841959936,175.4837651012,16.4883883277,1.7568,-3.536,-7.992,123,17.974127,2.361109,0.7,NGC_2281, ,101.86166908854,+40.41474920230
79,101.71167292648,+40.50172224792,945458228975026816,175.3552064309,16.4149682984,1.8388,-3.261,-7.997,158,15.792138,1.598292,1.0,NGC_2281,Gaia DR2 945458228975026816,101.71169139133,+40.50175667945
80,102.29693742633,+40.52477345515,945403154611307904,175.5050479861,16.8367472325,1.9000,-3.033,-8.660,152,17.886168,2.275652,0.9,NGC_2281, ,102.29695460608,+40.52481074126
81,101.95399333340,+40.73986682734,945467304242755072,175.1959489423,16.6742684369,2.0588,-2.485,-8.081,151,14.870311,1.487063,1.0,NGC_2281,Gaia DR2 945467304242755072,101.95400745454,+40.73990162053
82,102.36521896664,+40.44698832973,945399031442705792,175.6005842164,16.8564180147,1.9049,-2.940,-8.262,148,16.484894,1.820543,1.0,NGC_2281,Gaia DR2 945399031442705792,102.36523560032,+40.44702390223
83,101.89243542202,+40.82529828554,945470980734758528,175.0950921841,16.6626088621,1.9546,-2.891,-8.059,131,15.729994,1.537241,1.0,NGC_2281,Gaia DR2 945470980734758528,101.89245187142,+40.82533298401
84,102.14854933137,+40.52400605861,945448956142574464,175.4623504347,16.7316185083,1.8990,-2.936,-8.204,128,13.216830,0.835267,1.0,NGC_2281,Gaia DR2 945448956142574464,102.14856596149,+40.52404138139
85,101.05858082534,+41.02089325991,945699472994340608,174.6604421966,16.1513634467,1.8455,-2.737,-8.262,121,11.951969,0.639143,1.0,NGC_2281,Gaia DR2 945699472994340608,101.05859644466,+41.02092883241
86,101.12284641950,+40.85385837307,945647589789425536,174.8405489683,16.1332937604,2.0343,-2.701,-8.549,115,14.698954,1.262869,1.0,NGC_2281,Gaia DR2 945647589789425536,101.12286179445,+40.85389518126
87,101.02877950512,+40.92098139621,945695865221836800,174.7478986558,16.0927986714,1.8555,-2.651,-8.131,160,15.175558,1.354046,1.0,NGC_2281,Gaia DR2 945695865221836800,101.02879461077,+40.92101640468
88,101.76333749988,+41.13329566894,945667479781880704,174.7587575730,16.6861347285,1.7563,-2.593,-8.955,131,16.994009,2.005007,0.9,NGC_2281, ,101.76335232276,+41.13333422519
89,101.04213410694,+40.94740914737,945695899582239104,174.7263989626,16.1121256820,1.9305,-2.735,-8.034,124,12.099081,0.677770,1.0,NGC_2281,Gaia DR2 945695899582239104,101.04214969746,+40.94744373820
90,101.41650854379,+40.61252386229,945629099953584256,175.1606087542,16.2485571493,1.7259,-3.115,-8.345,161,17.664076,2.303497,1.0,NGC_2281,Gaia DR2 945629099953584256,101.41652621116,+40.61255979215
91,101.75912157173,+41.21114884535,945679677489101312,174.6820211085,16.7119977971,1.8744,-2.550,-8.074,122,16.540247,1.803675,1.0,NGC_2281,Gaia DR2 945679677489101312,101.75913616613,+41.21118360840
92,101.81518415048,+40.86248684573,945659336523536768,175.0364325740,16.6221177921,1.8291,-2.898,-8.306,148,17.969816,2.354917,1.0,NGC_2281,Gaia DR2 945659336523536768,101.81520064897,+40.86252260767
93,101.57282311866,+40.98433792126,945670748252971392,174.8473880075,16.4974280876,1.8717,-3.034,-8.587,126,12.733111,0.783369,1.0,NGC_2281,Gaia DR2 945670748252971392,101.57284042328,+40.98437489306
94,101.23061816389,+40.59341217262,945623915929869696,175.1236934740,16.1106173073,2.1469,-2.501,-8.773,117,14.595238,1.303094,0.6,NGC_2281, ,101.23063234478,+40.59344994526
95,101.32139190534,+40.75508482448,945644050736354304,174.9947717136,16.2353024953,1.8519,-2.741,-8.325,148,15.398233,1.398353,1.0,NGC_2281,Gaia DR2 945644050736354304,101.32140748478,+40.75512066823
96,101.82543840796,+41.00012489601,945662570635442944,174.9059974312,16.6803230818,1.9358,-2.732,-8.488,129,13.722900,0.947188,1.0,NGC_2281,Gaia DR2 945662570635442944,101.82545399383,+41.00016144156
97,101.93670286864,+41.01008255943,945662089599101952,174.9287506410,16.7620210963,1.9080,-3.024,-8.988,121,15.327954,1.578316,1.0,NGC_2281,Gaia DR2 945662089599101952,101.93672012296,+41.01012125776
98,101.92002894015,+41.00676851173,945662123958840960,174.9271148770,16.7491042286,1.8110,-2.959,-8.198,108,15.497875,1.440622,1.0,NGC_2281,Gaia DR2 945662123958840960,101.92004582274,+41.00680380867
99,101.88299169020,+41.03912757380,945663051671777152,174.8849339066,16.7350932354,2.0421,-2.074,-8.057,131,15.484864,1.530926,1.0,NGC_2281,Gaia DR2 945663051671777152,101.88300352923,+41.03916226366
100,101.80047800197,+40.86739447888,945659336523542656,175.0273703671,16.6136108739,1.8231,-2.688,-8.804,139,16.873210,2.000658,0.9,NGC_2281, ,101.80049330605,+40.86743238499
101,101.35867632807,+40.70256641460,945631951811922816,175.0565230654,16.2417402571,1.8046,-2.944,-8.092,150,16.664390,1.894348,1.0,NGC_2281,Gaia DR2 945631951811922816,101.35869304813,+40.70260125515
102,100.84050119191,+40.36582364740,945540559204597888,175.2254302066,15.7496762029,1.9709,-2.730,-8.585,128,17.867699,2.438169,1.0,NGC_2281,Gaia DR2 945540559204597888,100.84051661886,+40.36586061059
103,101.38773400420,+40.77248088684,945632574584424832,174.9976405360,16.2884052521,1.9130,-2.803,-8.336,122,15.731550,1.528817,1.0,NGC_2281,Gaia DR2 945632574584424832,101.38774994021,+40.77251677795
104,101.22703360325,+41.13755346777,945722287860563072,174.5976244628,16.3129052933,1.9058,-3.779,-8.216,139,12.955578,0.829350,1.0,NGC_2281,Gaia DR2 945722287860563072,101.22705520729,+41.13758884221
105,101.88290519643,+41.06338127668,945663223470199168,174.8613740119,16.7439940340,1.7860,-3.192,-7.568,119,9.323248,0.296051,1.0,NGC_2281,Gaia DR2 945663223470199168,101.88292342407,+41.06341386112
106,101.22333322259,+41.10904109157,945722047342402432,174.6240706317,16.2996214162,1.9384,-2.736,-8.495,136,14.770538,1.219098,1.0,NGC_2281,Gaia DR2 945722047342402432,101.22334885714,+41.10907766726
107,101.85504190096,+41.07151669618,945663326549417728,174.8453737001,16.7274802757,1.8928,-2.827,-8.718,140,15.461758,1.418958,1.0,NGC_2281,Gaia DR2 945663326549417728,101.85505804630,+41.07155423201
108,101.55303237596,+40.83390508482,945655733047529728,174.9871061650,16.4274260242,1.8900,-2.820,-8.021,147,16.181211,1.977273,1.0,NGC_2281,Gaia DR2 945655733047529728,101.55304842346,+40.83393961968
109,101.69004996588,+41.26097552325,945680712577028096,174.6136242408,16.6821868324,1.9268,-2.718,-7.961,106,12.738903,0.770758,1.0,NGC_2281,Gaia DR2 945680712577028096,101.69006553366,+41.26100979978
110,101.63563078072,+41.32387140409,945684316053908224,174.5368269276,16.6675075278,1.9174,-2.574,-8.442,111,16.842573,1.984155,1.0,NGC_2281,Gaia DR2 945684316053908224,101.63564553793,+41.32390775159
111,101.83054769815,+41.12334417307,945666522005081472,174.7879642723,16.7294870750,1.8210,-2.564,-8.473,109,16.555075,1.832578,1.0,NGC_2281,Gaia DR2 945666522005081472,101.83056235302,+41.12338065404
112,101.52055582752,+41.28069011256,945683250901978368,174.5451829126,16.5712065310,1.7925,-2.969,-8.640,140,17.797016,2.343367,1.0,NGC_2281,Gaia DR2 945683250901978368,101.52057283807,+41.28072731256
113,101.53500417175,+41.23253441815,945682082670819200,174.5960353870,16.5633816847,1.7964,-2.910,-8.316,122,15.913350,1.740447,1.0,NGC_2281,Gaia DR2 945682082670819200,101.53502083198,+41.23257022315
114,101.40591040715,+41.01233548735,945673084715209856,174.7712657558,16.3910184400,1.8806,-2.334,-8.187,151,11.217110,0.468143,1.0,NGC_2281,Gaia DR2 945673084715209856,101.40592372493,+41.01237073693
115,101.91083282985,+40.99574195414,945662016582862592,174.9351378260,16.7385815457,2.0979,-2.313,-8.573,130,11.884374,0.629192,1.0,NGC_2281,Gaia DR2 945662016582862592,101.91084602448,+40.99577886567
116,101.25692940628,+41.05222832681,945720844751563776,174.6888383996,16.3017708829,1.9890,-2.918,-8.542,137,16.876062,1.992268,1.0,NGC_2281,Gaia DR2 945720844751563776,101.25694606645,+41.05226510486
117,101.08542473417,+40.53716100261,945634464369576704,175.1344544615,15.9872358503,1.8109,-2.188,-8.551,123,17.467138,2.195255,0.9,NGC_2281, ,101.08543712990,+40.53719781941
118,101.06870807203,+40.51519856677,945633291842918144,175.1505805058,15.9671496167,1.9109,-2.817,-8.218,140,12.351006,0.697120,1.0,NGC_2281,Gaia DR2 945633291842918144,101.06872402602,+40.51523394982
119,101.63495781425,+40.79948508159,945653740182701184,175.0445294592,16.4721016092,1.9001,-3.017,-8.257,127,12.042815,0.648555,1.0,NGC_2281,Gaia DR2 945653740182701184,101.63497497390,+40.79952063256
120,101.42141966015,+40.72413303213,945632226689844096,175.0543068949,16.2939167702,1.7285,-2.894,-8.574,145,17.939697,2.384716,0.9,NGC_2281, ,101.42143610157,+40.72416994796
121,101.56062554535,+41.08019915573,945677860718795008,174.7510250152,16.5245983250,1.7413,-2.815,-8.468,146,15.921395,1.771950,1.0,NGC_2281,Gaia DR2 945677860718795008,101.56064162428,+41.08023561517
122,101.81357434302,+40.99257187819,945662536275705984,174.9098598360,16.6692082357,1.8224,-2.757,-8.199,130,15.425239,1.420460,1.0,NGC_2281,Gaia DR2 945662536275705984,101.81359006971,+40.99260717944
123,101.29170376639,+40.63521652268,945629890227579392,175.1015950022,16.1693304363,1.9620,-3.331,-8.083,113,17.814917,2.248045,1.0,NGC_2281,Gaia DR2 945629890227579392,101.29172266527,+40.63525132448
124,101.18955315640,+40.78040684074,945646215400454912,174.9311922190,16.1523372462,1.9722,-2.970,-8.412,121,16.462324,1.829421,1.0,NGC_2281,Gaia DR2 945646215400454912,101.18957004387,+40.78044305907
125,101.65867564008,+41.10025463371,945677448401914496,174.7602702976,16.6006548816,1.7704,-2.957,-8.181,132,14.664855,1.170613,1.0,NGC_2281,Gaia DR2 945677448401914496,101.65869253525,+41.10028985746
126,101.34005539391,+40.61731677283,945628893795157632,175.1332519160,16.1965847442,1.9377,-2.936,-7.730,117,16.351950,1.749218,1.0,NGC_2281,Gaia DR2 945628893795157632,101.34007204724,+40.61735005477
127,101.77034300864,+41.09407129816,945666247127188864,174.7988347874,16.6765134179,1.9813,-3.091,-8.367,127,11.242504,0.468806,1.0,NGC_2281,Gaia DR2 945666247127188864,101.77036066778,+41.09410732274
128,101.75609727344,+41.08838279581,945666242830675072,174.8001989762,16.6644335342,1.8496,-3.003,-8.244,132,13.566119,0.923862,1.0,NGC_2281,Gaia DR2 945666242830675072,101.75611442834,+41.08841829081
129,100.96798338070,+41.14017351248,945714213322095616,174.5186173660,16.1331441483,1.8804,-2.722,-8.200,142,16.289955,1.761631,1.0,NGC_2281,Gaia DR2 945714213322095616,100.96799894264,+41.14020881803
130,101.90191179710,+41.03570831541,945662398836747520,174.8937578337,16.7470912998,1.8092,-2.464,-8.474,105,17.337557,2.458231,1.0,NGC_2281,Gaia DR2 945662398836747520,101.90192586165,+41.03574480069
131,101.36110226419,+41.12666837630,945676035356740736,174.6475655707,16.4024548347,1.8349,-3.086,-8.393,133,17.165125,2.130957,1.0,NGC_2281,Gaia DR2 945676035356740736,101.36111990352,+41.12670451283
132,101.41149555727,+40.67756264187,945630890956724864,175.0963333439,16.2694624631,2.0614,-3.157,-8.198,148,17.085697,2.053005,1.0,NGC_2281,Gaia DR2 945630890956724864,101.41151348031,+40.67759793881
133,100.75496424182,+41.11483677476,945710601254021504,174.4797978267,15.9750416038,1.8964,-3.444,-8.274,108,17.621483,2.183138,1.0,NGC_2281,Gaia DR2 945710601254021504,100.75498392390,+41.11487239893
134,101.27545988730,+41.17143349713,945722631457930624,174.5791387849,16.3594095613,1.8679,-2.759,-8.417,132,14.080845,1.038518,1.0,NGC_2281,Gaia DR2 945722631457930624,101.27547566829,+41.17146973699
135,101.76756018528,+40.88347582706,945659650057688448,175.0021468945,16.5964682294,2.0848,-2.699,-8.035,132,14.808167,1.219560,1.0,NGC_2281,Gaia DR2 945659650057688448,101.76757555572,+40.88351042220
136,101.74550077667,+40.84274446160,945653568383999488,175.0351371722,16.5658473054,1.7255,-2.789,-8.229,139,16.791674,2.184356,1.0,NGC_2281,Gaia DR2 945653568383999488,101.74551664988,+40.84277989202
137,101.89935577657,+41.06308457901,945663184814503936,174.8664462323,16.7554108634,1.8204,-3.089,-8.519,104,15.876580,1.587165,1.0,NGC_2281,Gaia DR2 945663184814503936,101.89937341596,+41.06312125804
138,101.83974433209,+40.93649668892,945660165453759360,174.9718716987,16.6667937232,1.9101,-2.682,-8.330,123,14.269289,1.142097,1.0,NGC_2281,Gaia DR2 945660165453759360,101.83975961797,+40.93653255420
139,101.79019711673,+40.90790285830,945660062374546816,174.9851045180,16.6214234812,1.9858,-2.895,-8.349,139,14.868815,1.242447,1.0,NGC_2281,Gaia DR2 945660062374546816,101.79021360945,+40.90793880538
140,101.73795078278,+40.84901864623,945653637104036992,175.0268454341,16.5628774358,1.8514,-2.976,-8.392,139,16.605390,1.850894,1.0,NGC_2281,Gaia DR2 945653637104036992,101.73796772188,+40.84905477845
141,101.76545995785,+41.22299814582,945679681784870016,174.6723675392,16.7208101184,1.8252,-2.831,-8.703,110,11.204705,0.467831,1.0,NGC_2281,Gaia DR2 945679681784870016,101.76547616343,+41.22303561707
142,101.23570518121,+41.54043621103,945748847938127360,174.2107358761,16.4697306696,1.9192,-2.644,-8.590,141,13.163845,0.859759,1.0,NGC_2281,Gaia DR2 945748847938127360,101.23572039040,+41.54047319575
143,101.49886137202,+41.43533753451,945733454775425280,174.3890565603,16.6135532651,1.8903,-2.840,-8.665,105,12.311149,0.742975,1.0,NGC_2281,Gaia DR2 945733454775425280,101.49887768219,+41.43537484215
144,101.48253635591,+41.32307626621,945730323743587328,174.4930508541,16.5604574143,1.8475,-3.192,-9.066,128,17.878437,2.346596,0.5,NGC_2281, ,101.48255465601,+41.32311530038
145,101.23231150334,+41.23457641536,945727407461560192,174.5054498549,16.3529674932,1.7980,-3.024,-8.880,124,12.410328,0.727587,1.0,NGC_2281,Gaia DR2 945727407461560192,101.23232881678,+41.23461464869
146,101.40799836433,+41.35056396835,945731461910628480,174.4447033339,16.5187473711,1.8149,-3.006,-8.366,132,13.905077,0.998212,1.0,NGC_2281,Gaia DR2 945731461910628480,101.40801560534,+41.35059998863
147,101.39850174771,+41.34032159289,945731079657854080,174.4518459267,16.5083146766,2.0667,-2.696,-8.439,142,17.653255,2.334286,0.9,NGC_2281, ,101.39851720827,+41.34035792747
148,101.50824681617,+41.48414551534,945733867092177408,174.3444827960,16.6382012363,2.0250,-3.125,-7.683,139,15.031566,1.540073,1.0,NGC_2281,Gaia DR2 945733867092177408,101.50826477661,+41.48417859492
149,101.27428512937,+41.95607601618,963772695375773568,173.8194470777,16.6511601152,2.1478,-2.755,-8.282,136,17.204031,2.143524,1.0,NGC_2281,Gaia DR2 963772695375773568,101.27430108001,+41.95611167479
150,100.53527240689,+42.55133718971,963851104298490368,173.0305010973,16.3659275991,1.7649,-2.644,-8.754,167,15.673163,1.519081,1.0,NGC_2281,Gaia DR2 963851104298490368,100.53528786004,+42.55137488054
151,100.97203901412,+42.11817589174,963778360436190592,173.5752954066,16.5031384797,1.9499,-2.992,-9.037,157,17.415909,2.231178,0.8,NGC_2281, ,100.97205638116,+42.11821480104
152,100.48428403778,+42.45403168573,963847423511048960,173.1097289196,16.2945087992,1.7507,-2.202,-8.353,159,15.597988,1.482131,1.0,NGC_2281,Gaia DR2 963847423511048960,100.48429688759,+42.45406765003
153,100.35772535882,+42.26426934968,957839176581246720,173.2559698574,16.1362786192,1.6742,-3.126,-9.202,121,17.358154,2.125563,0.7,NGC_2281, ,100.35774354565,+42.26430896940
154,100.86767896193,+41.69608516780,957761630946840832,173.9528740662,16.2729730100,1.8406,-2.681,-8.428,132,14.919413,1.254052,1.0,NGC_2281,Gaia DR2 957761630946840832,100.86769442122,+41.69612145502
155,100.24128650715,+41.71339689425,957796540441098112,173.7517472864,15.8467769493,2.0023,-2.856,-8.683,159,14.286937,1.107341,1.0,NGC_2281,Gaia DR2 957796540441098112,100.24130297997,+41.71343427939
156,100.55106727031,+41.43478938565,957745035193282560,174.1114073668,15.9548621459,1.9011,-2.630,-8.179,160,15.090707,1.295970,1.0,NGC_2281,Gaia DR2 957745035193282560,100.55108237432,+41.43482460079
157,100.81764549733,+41.66893690165,957760252261177984,173.9644214411,16.2281352475,2.0228,-2.494,-7.941,141,16.856730,1.912366,1.0,NGC_2281,Gaia DR2 957760252261177984,100.81765987227,+41.66897109207
158,100.53342655686,+42.12491116723,957833889476475648,173.4415307505,16.2041236711,1.7895,-3.236,-8.663,127,17.901567,2.627619,0.9,NGC_2281, ,100.53344534219,+42.12494846626
159,100.34169009877,+41.79669650362,957802858337337600,173.7013741898,15.9477814373,1.8551,-3.778,-8.681,136,16.789934,1.932947,0.9,NGC_2281, ,100.34171191780,+41.79673388015
160,100.29034642375,+42.28962693302,957851241144360320,173.2118862063,16.0997434733,1.6592,-3.476,-7.729,120,11.195259,0.786391,0.7,NGC_2281, ,100.29036665499,+42.28966021066
161,103.91111762334,+39.88999375049,950389504266743040,176.5923631724,17.7559104507,2.0042,-3.176,-8.241,153,17.345129,2.170609,1.0,NGC_2281,Gaia DR2 950389504266743040,103.91113544539,+39.89002923257
162,102.88040233730,+40.40636646467,950643358308953856,175.7900550946,17.2066074739,2.0864,-3.564,-8.930,121,12.886339,0.784737,0.7,NGC_2281, ,102.88042248922,+40.40640491328
163,103.07170479066,+40.60947913646,950669780947725184,175.6468641585,17.4157062717,1.9248,-2.951,-8.231,137,16.234901,1.729745,1.0,NGC_2281,Gaia DR2 950669780947725184,103.07172152711,+40.60951457549
164,103.34056406661,+40.69024958972,950673315704572800,175.6446327266,17.6350896707,1.8789,-3.150,-7.910,122,15.355942,1.379185,1.0,NGC_2281,Gaia DR2 950673315704572800,103.34058195331,+40.69028364666
165,103.09761294311,+40.69830313687,950670708660600064,175.5674315291,17.4660381917,1.7910,-3.106,-8.068,162,16.012161,1.643443,1.0,NGC_2281,Gaia DR2 950670708660600064,103.09763058210,+40.69833787409
166,102.88055025310,+40.40741441716,950643354012498304,175.7890758154,17.2070930917,2.1172,-3.302,-8.915,118,12.207054,0.689487,0.8,NGC_2281, ,102.88056892389,+40.40745280119
167,102.78320353929,+40.26842359900,950634424776994560,175.8962842451,17.0873862012,1.7648,-3.038,-8.203,96,16.046713,1.646357,1.0,NGC_2281,Gaia DR2 950634424776994560,102.78322068197,+40.26845891747
168,103.73458505334,+41.28739437535,950785710705084160,175.1686607616,18.1248311058,1.8970,-3.143,-8.314,139,14.260623,1.063360,1.0,NGC_2281,Gaia DR2 950785710705084160,103.73460306266,+41.28743017174
169,104.15476541119,+41.45890759071,950802336521928832,175.1151458434,18.4801572373,1.7857,-3.287,-8.805,161,12.785773,0.939819,1.0,NGC_2281,Gaia DR2 950802336521928832,104.15478429535,+41.45894550113
170,102.40762708438,+41.26553523345,951486237051875072,174.8161042276,17.1856199408,1.7547,-2.572,-8.069,156,15.766664,1.557704,1.0,NGC_2281,Gaia DR2 951486237051875072,102.40764181695,+41.26556997498
171,102.09572225891,+41.01431216737,951478536173055744,174.9708262046,16.8751300885,1.9234,-3.216,-8.551,124,16.494255,2.122104,1.0,NGC_2281,Gaia DR2 951478536173055744,102.09574060992,+41.01434898417
172,102.40094621001,+41.28860997906,951486477570042752,174.7916930553,17.1893323488,1.8004,-3.817,-8.284,148,15.784058,1.570246,1.0,NGC_2281,Gaia DR2 951486477570042752,102.40096808174,+41.28864564628
173,103.06265383677,+41.15444323722,951449540851388928,175.1109989936,17.6051185780,1.8800,-3.439,-8.333,131,13.813593,0.958100,1.0,NGC_2281,Gaia DR2 951449540851388928,103.06267350214,+41.15447911541
174,102.43528157204,+41.19865025528,951485034461035392,174.8892373056,17.1806718260,1.8941,-2.750,-8.103,157,15.137772,1.338406,1.0,NGC_2281,Gaia DR2 951485034461035392,102.43529730809,+41.19868514320
175,102.65627793110,+40.95674255222,951420158978295424,175.1885387293,17.2480253625,1.8577,-3.654,-8.144,139,17.192392,2.069832,0.7,NGC_2281, ,102.65629876321,+40.95677761666
176,101.98737340938,+41.00500844975,951479193305581312,174.9484114113,16.7956885035,1.8947,-3.171,-8.431,123,15.863363,1.623890,1.0,NGC_2281,Gaia DR2 951479193305581312,101.98739150106,+41.00504474989
177,102.17473029563,+40.78195129970,951461291881895040,175.2195548580,16.8451906425,2.0548,-2.894,-8.473,131,15.667534,1.731033,1.0,NGC_2281,Gaia DR2 951461291881895040,102.17474675135,+40.78198778067
178,102.08158123996,+41.05028735120,951478849708390528,174.9317665939,16.8784367760,1.9957,-2.395,-8.783,125,16.306608,1.765540,1.0,NGC_2281,Gaia DR2 951478849708390528,102.08159491368,+41.05032516689
179,102.12214840752,+40.97918197352,951475448091868032,175.0126293968,16.8807632616,1.9339,-2.830,-8.466,132,17.523008, ,1.0,NGC_2281,Gaia DR2 951475448091868032,102.12216454735,+40.97921842435
180,102.15118207990,+40.83388585908,951461669839014144,175.1622462109,16.8477295458,1.8237,-3.352,-7.895,122,16.188873,1.708168,0.9,NGC_2281, ,102.15120115480,+40.83391985144
181,102.43709392997,+41.27331145315,951509670393438336,174.8169471488,17.2090793621,1.9839,-3.169,-7.964,151,16.772846,1.910893,1.0,NGC_2281,Gaia DR2 951509670393438336,102.43711208435,+41.27334574259
182,102.45700540584,+40.64063739481,951408206086288000,175.4390381399,16.9923569422,1.6888,-3.713,-8.296,104,17.752365,2.284960,0.7,NGC_2281, ,102.45702647376,+40.64067311370
183,102.02575458308,+40.98833005136,951478261295139968,174.9757609201,16.8164696330,1.9027,-2.401,-8.628,121,16.201965,1.712513,1.0,NGC_2281,Gaia DR2 951478261295139968,102.02576827817,+40.98836719969
184,102.48220889996,+40.46568951288,951403120844997760,175.6165682419,16.9460840141,1.8432,-3.461,-8.159,132,17.253096,2.194469,0.9,NGC_2281, ,102.48222848676,+40.46572464191
185,102.77756361176,+41.03886947490,951443630976427520,175.1430581670,17.3630848138,1.8816,-3.059,-8.482,130,13.316809,0.875702,1.0,NGC_2281,Gaia DR2 951443630976427520,102.77758107341,+41.03890599462
186,101.98924635069,+40.99318293847,951478948489909504,174.9604377615,16.7926418429,2.0871,-2.270,-8.776,114,17.571072,2.301971,0.7,NGC_2281, ,101.98925929952,+40.99322072402
187,102.16712030234,+40.86342134363,951473554010942208,175.1381822720,16.8698051172,1.8145,-2.977,-8.399,131,12.386636,0.719072,1.0,NGC_2281,Gaia DR2 951473554010942208,102.16713725082,+40.86345750599
188,102.77982320569,+40.97069667819,951442771982974592,175.2102999946,17.3400385676,2.0521,-3.218,-8.392,147,16.614302,1.881574,1.0,NGC_2281,Gaia DR2 951442771982974592,102.77984155597,+40.97073281041
189,103.07749581878,+40.72738740679,951421400225704064,175.5332317382,17.4622792050,2.0742,-3.025,-8.120,146,17.046448,1.995165,1.0,NGC_2281,Gaia DR2 951421400225704064,103.07751300527,+40.72742236790
190,102.24545795874,+41.20817486940,951487439642740992,174.8254831972,17.0511521142,1.9642,-3.573,-8.702,131,15.981305,1.658599,1.0,NGC_2281,Gaia DR2 951487439642740992,102.24547840714,+41.20821233634
191,101.98607828217,+40.97922096312,951478948489863552,174.9730720234,16.7852696495,1.8558,-2.517,-8.535,132,12.497208,0.739693,1.0,NGC_2281,Gaia DR2 951478948489863552,101.98609263693,+40.97925771104
192,102.45164862415,+41.11408973167,951472493156537088,174.9763706487,17.1613886522,1.9093,-3.389,-8.032,144,14.158327,1.036402,1.0,NGC_2281,Gaia DR2 951472493156537088,102.45166799169,+41.11412431389
193,102.50259098308,+40.49275588312,951403258283944064,175.5961800894,16.9704280521,1.6595,-3.445,-7.963,125,17.311913,2.114220,0.6,NGC_2281, ,102.50261048719,+40.49279016826
194,102.42196713822,+40.58067364545,951407656330454656,175.4871841860,16.9456388415,2.0774,-3.040,-8.147,106,16.795155,1.994206,1.0,NGC_2281,Gaia DR2 951407656330454656,102.42198437200,+40.58070872281
195,102.41408420609,+40.56721696061,951407553251242368,175.4979758142,16.9351335047,1.8301,-3.448,-7.572,116,16.711458,2.002603,1.0,NGC_2281,Gaia DR2 951407553251242368,102.41410374889,+40.56724956228
196,102.16840030616,+41.16266704831,951481804645662336,174.8475868612,16.9805310955,1.8334,-2.936,-8.342,128,15.564802,1.471941,1.0,NGC_2281,Gaia DR2 951481804645662336,102.16841709731,+41.16270296525
197,102.17623944729,+41.22060847574,951488088180261248,174.7934659144,17.0072357222,1.8923,-3.118,-8.473,137,12.626559,0.759456,1.0,NGC_2281,Gaia DR2 951488088180261248,102.17625729510,+41.22064495671
198,102.44768444542,+41.12721879672,951472729378195968,174.9624344574,17.1633846659,1.8309,-3.189,-8.100,158,15.658354,1.468075,1.0,NGC_2281,Gaia DR2 951472729378195968,102.44770267364,+41.12725367172
199,102.13363639478,+41.10853401293,951480872635206272,174.8902054144,16.9363258904,1.8408,-2.966,-8.735,111,10.621130,0.305059,1.0,NGC_2281,Gaia DR2 951480872635206272,102.13365334351,+41.10857162196
200,102.14771180259,+41.09063630092,951480425958608256,174.9116779267,16.9396269716,1.8200,-3.032,-8.340,108,10.305727,0.221122,1.0,NGC_2281,Gaia DR2 951480425958608256,102.14772912375,+41.09067220925
201,102.07038323255,+41.13037899534,951481559829972608,174.8506808459,16.9000224979,1.8070,-2.519,-9.079,122,10.580833,0.350607,0.9,NGC_2281, ,102.07039763177,+41.13041808548
202,102.17019081563,+41.06646087926,951480155378231424,174.9416861874,16.9465233901,1.7323,-3.381,-8.150,121,8.579705,0.347815,0.9,NGC_2281, ,102.17021012345,+41.06649596954
203,102.36346680377,+41.34040320830,951489771808629632,174.7304758918,17.1819415335,1.9902,-3.069,-8.258,153,16.835836,1.969895,1.0,NGC_2281,Gaia DR2 951489771808629632,102.36348440337,+41.34043876358
204,102.09376442002,+41.13435748534,951481529767767424,174.8535731325,16.9178634948,1.8603,-2.596,-8.129,100,14.159448,1.299798,1.0,NGC_2281,Gaia DR2 951481529767767424,102.09377926029,+41.13439248520
205,102.10592258301,+41.00653575367,951478467453524992,174.9813406820,16.8794290998,1.9496,-3.088,-8.393,127,12.289714,0.744182,1.0,NGC_2281,Gaia DR2 951478467453524992,102.10594020155,+41.00657189020
206,102.70216806960,+41.01884808156,951444107715381632,175.1410659890,17.3028169811,1.9066,-3.014,-8.517,134,12.495825,0.720609,1.0,NGC_2281,Gaia DR2 951444107715381632,102.70218526915,+41.01888475198
207,102.23775356467,+41.00696264615,951476410166748544,175.0190899817,16.9721275461,1.9318,-3.131,-8.327,151,13.310914,0.879161,1.0,NGC_2281,Gaia DR2 951476410166748544,102.23777142866,+41.00699849851
208,102.18477439615,+41.05333280066,951477578397853440,174.9586698863,16.9519395078,1.8273,-3.139,-8.275,132,12.528234,0.891592,1.0,NGC_2281,Gaia DR2 951477578397853440,102.18479231840,+41.05336842913
209,102.07352241852,+41.07566525406,951479670044364928,174.9047687757,16.8821155438,2.0147,-3.226,-7.831,100,13.023648,0.904042,1.0,NGC_2281,Gaia DR2 951479670044364928,102.07354084376,+41.07569897086
210,102.08050654776,+41.04113186602,951478811050907136,174.9403525575,16.8743168260,1.9224,-3.027,-7.967,114,12.520579,0.755478,1.0,NGC_2281,Gaia DR2 951478811050907136,102.08052382734,+41.04116616838
211,102.62677814414,+40.77423479774,951413802426152448,175.3580555191,17.1609341636,1.9459,-3.046,-8.370,126,13.570887,0.927563,1.0,NGC_2281,Gaia DR2 951413802426152448,102.62679546214,+40.77427083524
212,103.17605100592,+41.06922653923,951436308054769792,175.2265656830,17.6544207601,1.9158,-3.151,-8.344,138,13.618598,0.919906,1.0,NGC_2281,Gaia DR2 951436308054769792,103.17606900104,+41.06926246478
213,102.14828588149,+41.06748184860,951480224097710976,174.9343600708,16.9315342781,1.9182,-3.092,-8.482,125,14.752718,1.211518,1.0,NGC_2281,Gaia DR2 951480224097710976,102.14830353919,+41.06751836832
214,102.61317685353,+40.40919035091,951390472163866880,175.7097044432,17.0181548680,1.9445,-3.046,-8.279,131,16.990030,2.018587,1.0,NGC_2281,Gaia DR2 951390472163866880,102.61319407725,+40.40922599660
215,102.73830811348,+41.38556696623,951504653871598080,174.7929956073,17.4605550450,1.9065,-2.757,-8.601,149,13.483020,0.909974,1.0,NGC_2281,Gaia DR2 951504653871598080,102.73832393486,+41.38560399831
216,102.31908890231,+40.86738969180,951462597551931520,175.1784103338,16.9781683061,1.9235,-3.113,-8.357,121,13.048137,0.820150,1.0,NGC_2281,Gaia DR2 951462597551931520,102.31910662612,+40.86742567333
217,102.28223419825,+41.17850106109,951484205529936128,174.8649517046,17.0660740219,1.8296,-2.906,-8.128,150,17.819017,2.260725,0.9,NGC_2281, ,102.28225082185,+41.17853605664
218,102.29754379537,+40.98983345407,951464521697267968,175.0530339527,17.0078471778,1.8917,-2.986,-8.067,141,15.022674,1.300796,1.0,NGC_2281,Gaia DR2 951464521697267968,102.29756082763,+40.98986818699
219,102.15537362630,+41.07253490499,951480219800254848,174.9314957445,16.9383590974,1.9398,-2.536,-7.851,131,17.232140,2.088331,1.0,NGC_2281,Gaia DR2 951480219800254848,102.15538810993,+41.07256870791
220,102.35090300698,+40.92929419682,951463353466163840,175.1273717611,17.0232038475,1.9567,-3.156,-8.232,142,14.324534,1.085201,1.0,NGC_2281,Gaia DR2 951463353466163840,102.35092099243,+40.92932964015
221,102.16757028514,+41.14585202743,951481048731420032,174.8637062725,16.9737891937,1.8296,-2.732,-8.282,131,15.978888,1.468309,1.0,NGC_2281,Gaia DR2 951481048731420032,102.16758590560,+41.14588768604
222,102.09902013421,+41.17105951864,951481976444360704,174.8194049695,16.9350156378,1.9486,-2.823,-8.177,117,15.104403,1.327486,1.0,NGC_2281,Gaia DR2 951481976444360704,102.09903628118,+41.17109472517
223,102.60337650667,+40.31752165250,951386834329026944,175.7960538783,16.9776591560,1.8734,-2.853,-8.338,110,16.030516,1.629582,1.0,NGC_2281,Gaia DR2 951386834329026944,102.60339261714,+40.31755755222
224,102.16981800276,+41.12440650289,951480941354780032,174.8852170976,16.9675057357,1.7956,-2.952,-8.442,124,11.490465,0.551954,1.0,NGC_2281,Gaia DR2 951480941354780032,102.16983487557,+41.12444285039
225,102.73380908593,+41.27692727068,951495308022771200,174.8979491653,17.4182688801,2.0163,-2.937,-8.006,144,17.245716,2.069082,1.0,NGC_2281,Gaia DR2 951495308022771200,102.73382591217,+41.27696174096
226,102.49683703360,+40.99747142230,951468163829512192,175.1030281915,17.1506812653,1.8386,-3.061,-8.468,141,8.781613,0.124066,1.0,NGC_2281,Gaia DR2 951468163829512192,102.49685449569,+40.99750788174
227,102.36314061393,+40.94876911861,951463387825899008,175.1119484277,17.0389282954,1.8328,-2.903,-8.338,126,16.052797,1.645946,1.0,NGC_2281,Gaia DR2 951463387825899008,102.36315716246,+40.94880501833
228,102.86762921697,+41.36708651162,951501591558640640,174.8476460501,17.5444708300,1.6946,-2.907,-8.306,133,17.424530,2.359795,0.9,NGC_2281, ,102.86764589440,+41.36712227356
229,102.41629976133,+41.45085905871,951514751337494272,174.6378003886,17.2589824479,1.9145,-3.187,-8.485,127,12.744996,0.785232,1.0,NGC_2281,Gaia DR2 951514751337494272,102.41631806871,+41.45089559135
230,102.27180659547,+40.75625954675,951457787188730240,175.2727663599,16.9041181045,1.8797,-2.957,-8.050,115,13.045891,0.807836,1.0,NGC_2281,Gaia DR2 951457787188730240,102.27182340292,+40.75629420647
231,102.12922552078,+40.95956961217,951475138856446208,175.0337425095,16.8785231352,1.9732,-2.658,-8.664,135,11.643010,0.626342,1.0,NGC_2281,Gaia DR2 951475138856446208,102.12924067517,+40.95960691550
232,102.40620065555,+41.01318581368,951469877519136512,175.0616343455,17.0927125600,1.8765,-2.848,-8.500,139,12.019795,0.642859,1.0,NGC_2281,Gaia DR2 951469877519136512,102.40621690641,+41.01322241090
233,102.07866341397,+41.07374130276,951481083091178112,174.9081273914,16.8850125613,1.7976,-3.626,-8.467,122,10.094726,0.331018,1.0,NGC_2281,Gaia DR2 951481083091178112,102.07868412320,+41.07377775790
234,102.09506525240,+41.00418408499,951478540470543744,174.9804779456,16.8709449014,1.8761,-2.760,-8.329,130,11.721174,0.572392,1.0,NGC_2281,Gaia DR2 951478540470543744,102.09508099898,+41.00421994596
235,102.05041453090,+40.97482822690,951477990714735488,174.9960386567,16.8288033057,1.9297,-3.476,-8.497,116,16.413353,1.808935,0.9,NGC_2281, ,102.05043435363,+40.97486481120
236,102.04189736900,+40.98608739655,951478196873165312,174.9826285766,16.8269720475,1.8217,-3.018,-8.213,129,10.851347,0.544115,1.0,NGC_2281,Gaia DR2 951478196873165312,102.04191458282,+40.98612275808
237,102.06287694926,+41.07280311161,951479674341906560,174.9044669181,16.8736001477,1.8199,-2.540,-8.463,122,8.663959,1.167880,1.0,NGC_2281,Gaia DR2 951479674341906560,102.06289145579,+41.07283954953
238,101.98326035620,+41.03654712056,951479365104271104,174.9165922313,16.8044313959,1.8849,-3.750,-8.551,116,17.365236,2.237038,0.8,NGC_2281, ,101.98328176152,+41.03658393736
239,102.47027408350,+41.18114965596,951473313493803904,174.9163235007,17.1988408368,1.6471,-3.160,-8.611,158,17.911816,2.326998,1.0,NGC_2281,Gaia DR2 951473313493803904,102.47029216082,+41.18118673110
240,102.08383486109,+41.04310624870,951478849708186368,174.9393983621,16.8773772271,1.6863,-3.348,-7.814,116,12.831918,0.954287,0.9,NGC_2281, ,102.08385397367,+41.04313989231
241,102.44951879321,+41.26255949949,951508910181974144,174.8309857575,17.2138745319,2.0967,-2.932,-8.211,155,11.550528,0.663303,1.0,NGC_2281,Gaia DR2 951508910181974144,102.44953558711,+41.26259485241
242,102.82805728662,+41.02008390143,951444794910777728,175.1758244917,17.3918243320,1.8881,-3.802,-8.365,129,17.585331,2.300407,1.0,NGC_2281,Gaia DR2 951444794910777728,102.82807898334,+41.02011991740
243,102.19960885407,+40.96372003154,951475894770683392,175.0501103643,16.9294827173,2.0798,-2.867,-8.240,107,14.171343,1.177145,1.0,NGC_2281,Gaia DR2 951475894770683392,102.19962520108,+40.96375550932
244,102.51100943279,+40.74616463177,951410645627661440,175.3519650618,17.0690462478,1.9316,-3.135,-8.014,113,16.660894,1.887630,1.0,NGC_2281,Gaia DR2 951410645627661440,102.51102724928,+40.74619913649
245,102.08683893283,+41.08409806886,951481083091175808,174.9004280871,16.8945501957,1.8409,-3.204,-8.343,123,8.940773,0.087404,1.0,NGC_2281,Gaia DR2 951481083091175808,102.08685723477,+41.08413399011
246,102.57132619496,+41.62439979850,951523409991567872,174.5122382685,17.4299124291,2.0150,-2.721,-8.095,109,11.832690,0.604305,1.0,NGC_2281,Gaia DR2 951523409991567872,102.57134186745,+41.62443465197
247,102.16856891805,+40.88539425663,951473936265605888,175.1172496800,16.8789021135,1.9341,-2.993,-7.882,141,13.329734,1.010055,1.0,NGC_2281,Gaia DR2 951473936265605888,102.16858596327,+40.88542819302
248,102.72284670824,+41.11064780422,951491661594012160,175.0573212535,17.3505572504,2.0814,-2.636,-8.317,157,17.130444,2.060515,1.0,NGC_2281,Gaia DR2 951491661594012160,102.72286177172,+41.11068361352
249,102.06061790324,+41.11250677665,951481426688558976,174.8652271209,16.8866133144,1.6867,-3.022,-8.367,114,10.979614,0.465158,1.0,NGC_2281,Gaia DR2 951481426688558976,102.06063517302,+41.11254280123
250,102.13533422748,+40.98086050433,951475448094088832,175.0148214068,16.8906379577,1.8398,-2.675,-8.652,113,14.403404,1.336782,1.0,NGC_2281,Gaia DR2 951475448094088832,102.13534948371,+40.98089775600
251,102.12783453566,+41.18664281322,951482109585899648,174.8125645178,16.9609070693,1.8781,-2.940,-8.299,131,15.913073,1.629442,1.0,NGC_2281,Gaia DR2 951482109585899648,102.12785135584,+41.18667854502
252,102.47285389840,+40.93339625154,951466308403648896,175.1585670898,17.1104738052,1.8468,-2.994,-8.471,132,16.541820,1.836577,1.0,NGC_2281,Gaia DR2 951466308403648896,102.47287096170,+40.93343272390
253,102.65582185204,+41.44730085730,951517465756834944,174.7092751542,17.4250841914,1.7863,-2.827,-8.575,137,11.410148,0.507194,1.0,NGC_2281,Gaia DR2 951517465756834944,102.65583809055,+41.44733777744
254,102.08352925624,+41.07253947933,951481083091177600,174.9107044459,16.8879823035,1.8231,-3.104,-8.254,115,10.579967,0.247123,1.0,NGC_2281,Gaia DR2 951481083091177600,102.08354698384,+41.07257501738
255,102.07232019152,+41.08296133657,951481151810654464,174.8973297627,16.8839547369,1.7520,-2.724,-8.482,122,9.448374,0.181088,1.0,NGC_2281,Gaia DR2 951481151810654464,102.07233575132,+41.08299785629
256,102.19096312157,+40.94578755598,951475860410947456,175.0650414033,16.9168272040,1.8206,-3.090,-8.651,122,10.664711,0.339408,1.0,NGC_2281,Gaia DR2 951475860410947456,102.19098073529,+40.94582480334
257,102.25264633885,+40.92638777730,951463903221990784,175.1017767878,16.9530589509,1.8636,-3.151,-8.229,127,16.353770,1.772331,1.0,NGC_2281,Gaia DR2 951463903221990784,102.25266429501,+40.92642320772
258,102.62630099898,+40.70323658421,951413050809337088,175.4271206061,17.1347512666,1.8588,-3.033,-8.143,122,16.057640,1.950923,1.0,NGC_2281,Gaia DR2 951413050809337088,102.62631822468,+40.70327164435
259,102.22293253855,+41.20784164671,951487469705090304,174.8193292602,17.0352564103,2.0422,-2.461,-8.323,130,17.859346,2.414146,1.0,NGC_2281,Gaia DR2 951487469705090304,102.22294662286,+41.20787748185
260,102.16737084151,+41.12236760976,951480945652207744,174.8864940820,16.9650433175,1.9370,-2.969,-8.709,132,10.842878,0.368543,1.0,NGC_2281,Gaia DR2 951480945652207744,102.16738781096,+41.12240510684
261,102.20586679559,+41.24362854640,951488298636109184,174.7795831773,17.0363931779,1.8651,-3.170,-8.258,124,14.989007,1.300304,1.0,NGC_2281,Gaia DR2 951488298636109184,102.20588494745,+41.24366410168
262,102.83447082626,+40.79419179065,951402914686483584,175.3983320327,17.3147169590,1.8763,-3.305,-8.244,191,10.733260,0.278710,1.0,NGC_2281,Gaia DR2 951402914686483584,102.83448962245,+40.79422728565
263,102.15641471432,+41.10582001927,951480808213257216,174.8994257851,16.9512972244,1.8617,-2.877,-8.480,122,10.091534,0.188313,1.0,NGC_2281,Gaia DR2 951480808213257216,102.15643115380,+41.10585653038
264,102.54973192354,+40.97194717826,951467167397095168,175.1431166846,17.1785871218,1.9345,-3.116,-8.367,133,14.044348,1.073451,1.0,NGC_2281,Gaia DR2 951467167397095168,102.54974969251,+40.97198320284
265,102.35512965383,+40.96198469883,951469332060635776,175.0967696959,17.0381272257,1.9908,-2.673,-8.541,123,15.677916,1.537736,1.0,NGC_2281,Gaia DR2 951469332060635776,102.35514489429,+40.96202147258
266,102.18275518288,+41.08629673253,951480567695088000,174.9260235490,16.9626079378,1.9306,-2.850,-8.298,151,11.366499,0.489554,1.0,NGC_2281,Gaia DR2 951480567695088000,102.18277146324,+41.08633246003
267,102.11609807702,+41.05378670146,951480288519726976,174.9383618819,16.9039310971,1.9444,-3.206,-8.338,125,17.352415,2.110310,0.9,NGC_2281, ,102.11611638194,+41.05382260118
268,102.04273561498,+41.01959963477,951479433823743744,174.9503195588,16.8399002940,1.8742,-2.954,-8.413,124,14.129151,1.239079,1.0,NGC_2281,Gaia DR2 951479433823743744,102.04275247233,+41.01963585741
269,102.38270767415,+40.83971766595,951459711334054528,175.2237566690,17.0128192807,1.7593,-2.953,-8.180,120,17.231823,2.073498,1.0,NGC_2281,Gaia DR2 951459711334054528,102.38272447998,+40.83975288539
270,102.03029956808,+41.07730931070,951479914860077568,174.8906485173,16.8524213179,1.9023,-3.186,-8.598,116,10.533676,0.368492,1.0,NGC_2281,Gaia DR2 951479914860077568,102.03031776532,+41.07734632987
271,102.99051122889,+41.11923120649,951448333963933696,175.1250517767,17.5417739612,2.1438,-2.408,-8.660,148,17.824427,2.360517,1.0,NGC_2281,Gaia DR2 951448333963933696,102.99052499126,+41.11926849260
272,102.42979427483,+40.84809219167,951459024139280768,175.2292240254,17.0490358762,1.8426,-2.779,-7.862,122,15.194376,1.379385,1.0,NGC_2281,Gaia DR2 951459024139280768,102.42981009240,+40.84812604195
273,102.30361512358,+41.38420038183,951490841256744448,174.6706710381,17.1560346642,1.8756,-2.936,-8.313,152,16.836378,1.916303,1.0,NGC_2281,Gaia DR2 951490841256744448,102.30363197181,+41.38423617391
274,102.48575796022,+40.89364285606,951465032796028928,175.2010178540,17.1050606674,1.8844,-3.164,-8.246,114,12.304910,0.679605,1.0,NGC_2281,Gaia DR2 951465032796028928,102.48577598154,+40.89367835967
275,102.39729670101,+40.67046250585,951409271238149632,175.3926743854,16.9611310312,1.9307,-2.800,-8.487,99,13.860138,0.968182,1.0,NGC_2281,Gaia DR2 951409271238149632,102.39731259558,+40.67049904710
276,102.48101465868,+41.09548731099,951471702882553600,175.0029321121,17.1752320379,2.0255,-2.756,-8.578,168,14.216775,1.115292,1.0,NGC_2281,Gaia DR2 951471702882553600,102.48103040427,+41.09552424404
277,102.45354397681,+40.84461847380,951458989779539072,175.2394703980,17.0644917145,1.9069,-2.589,-8.752,93,17.060545,1.970932,1.0,NGC_2281,Gaia DR2 951458989779539072,102.45355871217,+40.84465615602
278,102.57646030711,+40.83368005091,951417895532548608,175.2856016483,17.1470944486,1.8635,-3.382,-8.406,116,14.743363,1.217015,1.0,NGC_2281,Gaia DR2 951417895532548608,102.57647955267,+40.83371624341
279,102.27855130515,+41.08477533374,951483316474146560,174.9551449433,17.0292426534,1.8676,-3.202,-7.765,143,15.155617,1.336386,1.0,NGC_2281,Gaia DR2 951483316474146560,102.27856959585,+41.08480876638
280,102.30300172138,+41.06978402827,951482594919639936,174.9767861028,17.0409177300,1.7434,-3.028,-7.622,120,14.331034,1.173852,1.0,NGC_2281,Gaia DR2 951482594919639936,102.30301901420,+41.06981684521
281,102.25922577055,+41.11384839499,951483591352052480,174.9212752651,17.0263194518,1.9203,-3.387,-7.999,146,14.320997,1.096157,1.0,NGC_2281,Gaia DR2 951483591352052480,102.25924512659,+41.11388283513
282,102.09213772442,+40.96248913487,951475379372397184,175.0201420720,16.8535527999,1.8551,-2.488,-8.626,141,8.822029,0.207572,1.0,NGC_2281,Gaia DR2 951475379372397184,102.09215191019,+40.96252627459
283,102.74142135159,+40.70825669598,951400784382724736,175.4554442223,17.2178707116,1.9317,-2.703,-8.314,177,14.082055,1.207157,1.0,NGC_2281,Gaia DR2 951400784382724736,102.74143670423,+40.70829249237
284,102.38468060387,+40.99494480193,951469469499581696,175.0732007089,17.0709353534,1.7972,-2.827,-8.340,147,17.312517,2.080641,1.0,NGC_2281,Gaia DR2 951469469499581696,102.38469673044,+40.99498071026
285,102.17251295414,+41.16425084312,951487680160922240,174.8472317692,16.9839921913,2.0254,-2.278,-8.453,139,17.005990,2.130822,1.0,NGC_2281,Gaia DR2 951487680160922240,102.17252598247,+41.16428723798
286,102.22748370769,+41.10605339959,951483625711795456,174.9197113212,17.0012096524,1.8582,-2.723,-7.941,155,15.482361,1.453310,1.0,NGC_2281,Gaia DR2 951483625711795456,102.22749926725,+41.10608759001
287,102.01750209387,+40.96121096019,951478059434216576,174.9996974700,16.8006829511,1.9053,-2.830,-8.288,97,12.829872,0.962395,1.0,NGC_2281,Gaia DR2 951478059434216576,102.01751822930,+40.96124664463
288,102.84596464324,+40.64915811156,951400853102196480,175.5432247622,17.2703128963,1.7925,-3.335,-8.185,170,15.778841,1.533236,1.0,NGC_2281,Gaia DR2 951400853102196480,102.84598356876,+40.64919335253
289,102.12680808274,+40.92422360561,951475031479713664,175.0673888765,16.8638279147,1.8608,-3.275,-8.400,141,15.457876,1.714157,1.0,NGC_2281,Gaia DR2 951475031479713664,102.12682674491,+40.92425977228
290,102.39950354583,+41.02234670062,951470637730681856,175.0507821200,17.0913497735,1.9802,-2.872,-7.986,149,16.525227,1.832874,1.0,NGC_2281,Gaia DR2 951470637730681856,102.39951993592,+41.02238108479
291,102.33803612767,+41.13296136694,951483213394919808,174.9253485113,17.0885660064,1.9990,-2.993,-8.072,140,16.486519,1.802382,1.0,NGC_2281,Gaia DR2 951483213394919808,102.33805323706,+41.13299612138
292,102.39093349646,+41.01537120794,951470259773561344,175.0551083564,17.0827843325,1.8773,-3.220,-8.348,149,15.241631,1.355776,1.0,NGC_2281,Gaia DR2 951470259773561344,102.39095187059,+41.01540715072
293,102.26909994714,+40.73343060473,951457306152396544,175.2941707334,16.8938258325,1.8896,-2.960,-8.771,106,15.355422,1.384881,1.0,NGC_2281,Gaia DR2 951457306152396544,102.26911676586,+40.73346836876
294,102.58310300857,+40.89781604617,951418307849289088,175.2249919296,17.1751112677,1.9647,-3.041,-8.573,138,16.821420,1.976073,1.0,NGC_2281,Gaia DR2 951418307849289088,102.58312033041,+40.89785295770
295,102.54808793301,+40.59534962652,951405693528075136,175.5095622514,17.0401408250,2.1209,-3.484,-7.556,125,17.749346,2.325491,0.9,NGC_2281, ,102.54810768816,+40.59538215930
296,102.33057610726,+41.08242557740,951482423120942848,174.9724206275,17.0648859018,1.9351,-3.126,-8.326,115,14.730170,1.193723,1.0,NGC_2281,Gaia DR2 951482423120942848,102.33059396319,+41.08246142545
297,102.27000131614,+41.14929611941,951483797510477184,174.8898699260,17.0468323724,1.8041,-2.698,-8.259,145,14.094997,1.228872,1.0,NGC_2281,Gaia DR2 951483797510477184,102.27001674301,+41.14933167899
298,102.11255573345,+41.10812135638,951481254889861504,174.8845134685,16.9213991432,1.8118,-3.271,-8.078,119,16.315540,1.738919,1.0,NGC_2281,Gaia DR2 951481254889861504,102.11257442494,+41.10815613666
299,102.31355209025,+41.07480781317,951482594919636864,174.9749350407,17.0501572178,2.0263,-2.814,-8.015,119,14.666259,1.184130,1.0,NGC_2281,Gaia DR2 951482594919636864,102.31356816215,+41.07484232220
300,102.16773853672,+41.14661914749,951481048731419776,174.8630085281,16.9741881565,1.9009,-2.995,-8.157,131,14.166488,1.113608,1.0,NGC_2281,Gaia DR2 951481048731419776,102.16775566111,+41.14665426791
301,102.15137511461,+41.05699574834,951480121018497024,174.9454500486,16.9298531230,1.8249,-2.731,-7.943,140,11.753208,0.686214,1.0,NGC_2281,Gaia DR2 951480121018497024,102.15139070824,+41.05702994737
302,102.87224495456,+41.45613785710,951503584423527680,174.7617547911,17.5796346309,1.7461,-3.171,-8.585,141,17.519321,2.148203,1.0,NGC_2281,Gaia DR2 951503584423527680,102.87226317151,+41.45617482029
303,102.87311471283,+41.56069170946,951508188628528640,174.6595857311,17.6176825387,1.9276,-3.065,-7.796,137,17.654630,2.244663,1.0,NGC_2281,Gaia DR2 951508188628528640,102.87313234928,+41.56072527557
304,102.19567679690,+40.95141822960,951475856113443200,175.0609328226,16.9222057731,1.9517,-2.925,-8.655,125,16.426636,1.773679,1.0,NGC_2281,Gaia DR2 951475856113443200,102.19569347151,+40.95145549418
305,102.92649472932,+40.67475525080,951398276121806848,175.5413950151,17.3365234788,1.8943,-3.420,-8.268,157,16.074648,1.652940,1.0,NGC_2281,Gaia DR2 951398276121806848,102.92651414465,+40.67479084913
306,102.24003371898,+40.99405929998,951476410166749696,175.0323017809,16.9690007623,1.9224,-2.833,-8.187,132,13.155934,0.860900,1.0,NGC_2281,Gaia DR2 951476410166749696,102.24004987956,+40.99409454956
307,102.98603389027,+40.60644845375,951397107890703104,175.6252260067,17.3539572823,1.6777,-2.998,-8.138,114,15.749991,1.526733,1.0,NGC_2281,Gaia DR2 951397107890703104,102.98605089250,+40.60648349236
308,102.79818640503,+41.47428214463,951507467073975808,174.7231137604,17.5343378371,1.6839,-3.267,-7.524,150,17.282843,2.290552,0.9,NGC_2281, ,102.79820517874,+41.47431453963
309,102.13639505010,+41.09653630025,951480430256138880,174.9026695844,16.9338575973,1.9405,-2.065,-8.480,96,14.274309,1.132768,1.0,NGC_2281,Gaia DR2 951480430256138880,102.13640684806,+41.09657281136
310,102.25422063686,+41.02246098835,951476547605917568,175.0087698508,16.9893658861,2.0570,-2.961,-8.247,132,14.048459,1.127801,1.0,NGC_2281,Gaia DR2 951476547605917568,102.25423753489,+41.02249649627
311,102.71713679432,+41.40737948964,951505478505615488,174.7656696387,17.4535904274,1.7926,-2.847,-7.973,142,13.731936,0.951663,1.0,NGC_2281,Gaia DR2 951505478505615488,102.71715313765,+41.40741381783
312,102.39979418992,+41.08587081445,951471080110709760,174.9889793340,17.1147192127,2.0435,-2.888,-8.177,133,16.561106,1.753167,1.0,NGC_2281,Gaia DR2 951471080110709760,102.39981068724,+41.08590602098
313,102.53968618613,+41.22392479308,951496716772068608,174.8944411674,17.2630304726,1.9279,-3.045,-7.798,157,15.480982,1.481461,1.0,NGC_2281,Gaia DR2 951496716772068608,102.53970361696,+41.22395836780
314,102.57818052553,+41.13404846614,951495411102015232,174.9931517899,17.2574423638,1.8364,-3.268,-8.455,158,15.790771,1.549849,1.0,NGC_2281,Gaia DR2 951495411102015232,102.57819920725,+41.13408486961
315,102.60570352391,+41.04977146711,951467854591849856,175.0832676850,17.2462051082,1.8711,-3.281,-8.454,141,14.710114,1.179194,1.0,NGC_2281,Gaia DR2 951467854591849856,102.60572225590,+41.04980786628
316,101.89937302114,+41.48842902887,951694457065544832,174.4533034052,16.9120820330,1.8551,-2.733,-8.413,152,16.033209,1.688173,1.0,NGC_2281,Gaia DR2 951694457065544832,101.89938872966,+41.48846525151
317,102.15202551756,+41.26581289215,951675937166560512,174.7425057510,17.0068363055,1.9020,-2.904,-8.528,148,11.875578,0.611677,1.0,NGC_2281,Gaia DR2 951675937166560512,102.15204215191,+41.26584960993
318,102.12595657876,+41.29366003131,951676212044467200,174.7079078506,16.9987988429,1.9422,-2.939,-8.188,140,16.637686,1.883641,1.0,NGC_2281,Gaia DR2 951676212044467200,102.12597342078,+41.29369528520
319,102.29168781513,+41.55665084281,951704043432500736,174.4991219058,17.2104262540,1.7960,-3.240,-8.255,118,15.442766,1.441112,1.0,NGC_2281,Gaia DR2 951704043432500736,102.29170645739,+41.55668638517
320,101.98314777694,+41.80041772961,951725449549391488,174.1737015510,17.0845940837,1.8518,-2.785,-8.684,115,15.407275,1.410673,1.0,NGC_2281,Gaia DR2 951725449549391488,101.98316386204,+41.80045511905
321,101.99178069476,+41.08453414367,951667519030721664,174.8724617394,16.8280857159,1.8366,-2.720,-8.310,131,14.905464,1.251140,1.0,NGC_2281,Gaia DR2 951667519030721664,101.99179623209,+41.08456992284
322,101.87861164173,+41.74479850815,951748298775419776,174.1980216537,16.9916911423,1.8752,-2.609,-7.696,122,15.454572,1.487312,1.0,NGC_2281,Gaia DR2 951748298775419776,101.87862669726,+41.74483164370
323,102.01475524216,+41.12236998583,951667690829412480,174.8423648573,16.8581103511,1.8536,-3.073,-8.306,107,15.690258,1.551786,1.0,NGC_2281,Gaia DR2 951667690829412480,102.01477280603,+41.12240574777
324,102.19624927273,+41.47932411030,951679918599596160,174.5472812218,17.1157240349,1.8992,-3.428,-8.304,107,12.737829,0.762200,1.0,NGC_2281,Gaia DR2 951679918599596160,102.19626897315,+41.47935986363
325,102.00894994494,+41.34045600753,951674494057556864,174.6287094551,16.9341886808,1.7821,-2.434,-8.601,122,16.778992,1.907487,1.0,NGC_2281,Gaia DR2 951674494057556864,102.00896390306,+41.34049303961
326,102.10898927254,+41.39448975538,951680781889660160,174.6049041303,17.0238436037,1.8769,-2.279,-8.246,147,10.478815,0.332356,1.0,NGC_2281,Gaia DR2 951680781889660160,102.10900235265,+41.39452525899
327,101.96306431350,+41.64950366862,951700087766009344,174.3148973271,17.0154752710,1.8880,-2.971,-8.632,145,14.116552,1.043439,1.0,NGC_2281,Gaia DR2 951700087766009344,101.96308143261,+41.64954083417
328,102.06844454318,+41.42518440018,951681022407829760,174.5633941208,17.0067760179,1.8738,-3.013,-8.443,111,16.994170,2.161792,1.0,NGC_2281,Gaia DR2 951681022407829760,102.06846184419,+41.42522075198
329,102.03050523017,+41.22803690039,951670813268980352,174.7442255071,16.9079806278,1.6284,-3.054,-7.860,112,17.505848,2.185900,0.8,NGC_2281, ,102.03052271362,+41.22807074206
330,102.09064483190,+41.22373743196,951670061651312768,174.7657597036,16.9484777337,1.8560,-3.381,-8.502,150,16.570822,2.151761,1.0,NGC_2281,Gaia DR2 951670061651312768,102.09066418608,+41.22377403779
331,101.58127484104,+41.65955877382,951744171310746880,174.1954880455,16.7539058389,2.0471,-2.657,-8.584,120,17.639810,2.448504,1.0,NGC_2281,Gaia DR2 951744171310746880,101.58129015325,+41.65959573271
332,102.27487678030,+41.51217957440,951703390597477376,174.5377009571,17.1825371484,1.7558,-2.980,-7.517,137,14.846081,1.228115,1.0,NGC_2281,Gaia DR2 951703390597477376,102.27489391479,+41.51221193926
333,101.70790653298,+41.29500893192,951685867131002368,174.5858033752,16.7072513616,1.8240,-2.546,-8.081,116,15.858239,1.611571,1.0,NGC_2281,Gaia DR2 951685867131002368,101.70792112320,+41.29504372511
334,101.53628996593,+41.59608814795,951742487683501824,174.2440741249,16.6991875395,2.1321,-3.197,-8.376,112,17.801222,2.260424,0.8,NGC_2281, ,101.53630837201,+41.59612421128
335,102.12068369719,+41.46546925192,951682602955785984,174.5391568669,17.0579537581,1.8668,-2.815,-8.139,120,14.037247,1.005721,1.0,NGC_2281,Gaia DR2 951682602955785984,102.12069987130,+41.46550429484
336,102.28402427159,+41.90406489211,951729121745539456,174.1578853464,17.3310512424,1.8778,-3.227,-8.479,116,16.996328,1.992329,1.0,NGC_2281,Gaia DR2 951729121745539456,102.28404293974,+41.90410139891
337,101.64473410449,+41.44374313283,951690505695670016,174.4232151084,16.7182344194,1.8735,-2.738,-8.297,118,10.963491,0.436527,1.0,NGC_2281,Gaia DR2 951690505695670016,101.64474983091,+41.44377885602
338,102.41213728003,+41.64578568306,951706070657047168,174.4463271000,17.3266844884,1.8369,-3.214,-8.407,140,16.357480,1.750224,1.0,NGC_2281,Gaia DR2 951706070657047168,102.41215579825,+41.64582187986
339,102.85020711817,+41.65864788101,951614325860242304,174.5571757599,17.6367275822,1.8149,-3.366,-8.281,134,16.243990,1.716455,1.0,NGC_2281,Gaia DR2 951614325860242304,102.85022651605,+41.65868353531
340,101.88349683225,+41.20170244350,951672123235643520,174.7272824026,16.7954645898,1.9460,-2.256,-8.954,114,16.233646,1.808310,0.8,NGC_2281, ,101.88350974214,+41.20174099544
341,101.82182457322,+41.25768552205,951672913509626880,174.6550593366,16.7730103823,1.8792,-2.782,-8.286,131,14.651197,1.185121,1.0,NGC_2281,Gaia DR2 951672913509626880,101.82184050676,+41.25772119788
342,102.87338445122,+41.72146142290,951615081774509056,174.5020988181,17.6753369742,2.0313,-3.149,-8.682,142,17.630678,2.266815,0.7,NGC_2281, ,102.87340261628,+41.72149880373
343,101.96167210791,+41.13184306928,951668584182590720,174.8177818535,16.8244214678,2.1422,-3.093,-7.769,123,16.387741,2.140856,1.0,NGC_2281,Gaia DR2 951668584182590720,101.96168978864,+41.13187651914
344,102.98210646942,+41.85809277422,951623126249007232,174.3983734723,17.7997512737,1.7941,-3.174,-8.284,148,10.993166,0.429547,1.0,NGC_2281,Gaia DR2 951623126249007232,102.98212481776,+41.85812844144
345,101.96590790454,+41.03614948819,951666930618471552,174.9119373280,16.7921180935,2.0506,-2.425,-8.784,123,11.818947,0.628540,1.0,NGC_2281,Gaia DR2 951666930618471552,101.96592174657,+41.03618730819
346,101.92631191922,+41.12045492044,951668236288528384,174.8185852976,16.7954637406,1.9485,-2.760,-8.283,122,12.333941,0.703402,1.0,NGC_2281,Gaia DR2 951668236288528384,101.92632769366,+41.12049058336
347,101.99417244192,+41.12014817109,951667858331406208,174.8385608203,16.8428755274,1.9287,-2.981,-8.559,96,11.106494,0.406445,1.0,NGC_2281,Gaia DR2 951667858331406208,101.99418947938,+41.12018502234
348,102.03659920606,+41.21061304841,951670366592305280,174.7629232257,16.9058439618,1.9322,-3.008,-8.419,130,11.527322,0.518158,1.0,NGC_2281,Gaia DR2 951670366592305280,102.03661642159,+41.21064929688
349,102.27523225703,+41.67809612872,951709815868538624,174.3759748265,17.2430635643,1.8234,-3.223,-7.988,129,11.415184,0.503615,1.0,NGC_2281,Gaia DR2 951709815868538624,102.27525083643,+41.67813052150
350,102.05466165180,+41.21283861837,951669988635183104,174.7659752182,16.9192998543,1.9228,-2.791,-8.941,124,13.565475,0.935162,1.0,NGC_2281,Gaia DR2 951669988635183104,102.05467762593,+41.21287711434
351,102.01583118264,+41.20894889123,951670400952043776,174.7585411114,16.8907015318,1.8476,-3.108,-8.226,139,11.648407,0.591823,1.0,NGC_2281,Gaia DR2 951670400952043776,102.01584897004,+41.20898430873
352,102.06243279148,+41.18504700046,951669335800154624,174.7952388884,16.9145341903,1.8999,-2.971,-8.869,106,12.976377,1.022340,1.0,NGC_2281,Gaia DR2 951669335800154624,102.06244978861,+41.18508518643
353,101.99471965585,+41.14582038472,951667965707292672,174.8137789357,16.8527081001,1.8339,-2.774,-8.524,128,10.835065,0.344680,1.0,NGC_2281,Gaia DR2 951667965707292672,101.99473551644,+41.14585708527
354,102.03325554893,+41.19147394575,951669576318384384,174.7805614553,16.8964726379,1.9662,-2.549,-7.930,132,16.378143,1.780384,1.0,NGC_2281,Gaia DR2 951669576318384384,102.03327013322,+41.19150808880
355,101.93435386437,+41.22056682319,951672084579223168,174.7236912519,16.8379828787,1.8993,-2.831,-8.584,132,13.586571,0.924779,1.0,NGC_2281,Gaia DR2 951672084579223168,101.93437006935,+41.22060378208
356,103.05815848884,+42.00289476014,951614085340868736,174.2772148650,17.9040055879,1.8447,-2.897,-8.401,129,13.327857,0.862838,1.0,NGC_2281,Gaia DR2 951614085340868736,103.05817527395,+42.00293093111
357,101.99526237252,+41.17709109290,951670199090283008,174.7835532365,16.8645938295,1.7962,-2.960,-8.189,134,10.243764,0.218471,1.0,NGC_2281,Gaia DR2 951670199090283008,101.99527930466,+41.17712635109
358,103.12424444422,+41.35192063187,951548290738993664,174.9347898258,17.7189162821,1.9660,-3.186,-8.389,124,15.546298,1.457256,1.0,NGC_2281,Gaia DR2 951548290738993664,103.12426271801,+41.35195675117
359,101.60864425662,+41.77951985283,951745962313234944,174.0869151317,16.8171754570,1.7256,-3.132,-8.365,133,16.144016,1.690454,1.0,NGC_2281,Gaia DR2 951745962313234944,101.60866233997,+41.77955586880
360,101.70463340875,+41.78086852258,951750910115548928,174.1131498505,16.8842205821,1.9460,-2.897,-8.007,83,14.830320,1.261407,1.0,NGC_2281,Gaia DR2 951750910115548928,101.70465013562,+41.78090299716
361,102.12766500682,+41.80600435489,951721837480938112,174.2093383792,17.1869510659,1.7982,-3.414,-8.299,136,17.838226,2.306700,1.0,NGC_2281,Gaia DR2 951721837480938112,102.12768472651,+41.80604008669
362,102.23538359839,+41.97341108077,951731767445428480,174.0764507185,17.3224127796,1.8390,-3.146,-8.384,111,17.319770,2.152327,1.0,NGC_2281,Gaia DR2 951731767445428480,102.23540181776,+41.97344717855
363,103.18408233699,+41.39943173236,951545919917037440,174.9049623899,17.7777930953,1.7347,-3.161,-8.277,117,15.662414,1.503004,1.0,NGC_2281,Gaia DR2 951545919917037440,103.18410048064,+41.39946736944
364,101.80756855458,+41.62460961674,951699164349694976,174.2945462891,16.8982312903,1.9503,-2.686,-8.776,130,11.205061,0.454989,1.0,NGC_2281,Gaia DR2 951699164349694976,101.80758402552,+41.62464740229
365,102.16303425360,+41.43277336103,951679471923178752,174.5831241546,17.0755623406,1.8458,-3.004,-7.977,133,16.068302,1.705836,1.0,NGC_2281,Gaia DR2 951679471923178752,102.16305150494,+41.43280770645
366,101.77979825259,+41.65943883073,951746267254779648,174.2527214552,16.8917357441,1.8649,-3.092,-8.575,131,15.946037,1.881714,1.0,NGC_2281,Gaia DR2 951746267254779648,101.77981607166,+41.65947575087
367,102.22835361934,+41.40357572829,951678784728388224,174.6302639480,17.1105145742,1.6658,-2.434,-9.158,125,17.767897,2.547974,0.8,NGC_2281, ,102.22836759101,+41.40361515857
368,103.79612192117,+41.76569137307,951574953895867520,174.7138182770,18.3352007179,1.7877,-3.215,-8.174,143,17.812256,2.262690,0.8,NGC_2281, ,103.79614047973,+41.76572656668
369,101.89491693276,+41.28770541469,951674665856269696,174.6470681756,16.8351432082,1.9422,-2.896,-8.360,119,12.972471,0.798996,1.0,NGC_2281,Gaia DR2 951674665856269696,101.89493352685,+41.28774140913
370,101.99027256157,+41.19930333611,951670302169496064,174.7605264604,16.8692725757,1.9185,-2.713,-7.800,126,17.794968,2.312937,1.0,NGC_2281,Gaia DR2 951670302169496064,101.99028808606,+41.19933691944
371,101.92763438048,+41.18305256964,951668927779971712,174.7581825282,16.8194641329,1.9893,-2.845,-8.676,114,17.049715,2.027544,0.9,NGC_2281, ,101.92765065626,+41.18308992464
372,101.92412196981,+41.35698110814,951675486193476992,174.5881954710,16.8810309550,1.9910,-2.862,-8.057,138,16.026062,1.649528,1.0,NGC_2281,Gaia DR2 951675486193476992,101.92413838652,+41.35701579800
373,101.74947642390,+41.35739160055,951686481309757824,174.5373276327,16.7593188590,2.0259,-2.293,-7.832,122,17.511915,2.216207,1.0,NGC_2281,Gaia DR2 951686481309757824,101.74948957686,+41.35742532166
374,102.19979643923,+41.35734416736,951678200612803328,174.6671171052,17.0736952840,1.8391,-2.743,-7.913,129,17.212845,2.249077,1.0,NGC_2281,Gaia DR2 951678200612803328,102.19981217344,+41.35737823722
375,102.15895343423,+41.91729439110,951729916315353344,174.1096509730,17.2490931051,1.9932,-3.002,-8.526,134,14.711718,1.182718,1.0,NGC_2281,Gaia DR2 951729916315353344,102.15897080436,+41.91733110027
376,101.91504865261,+41.25157871601,951672359457218048,174.6879818133,16.8359059238,1.9566,-2.967,-8.253,131,17.126417,2.046160,1.0,NGC_2281,Gaia DR2 951672359457218048,101.91506564413,+41.25161424976
377,102.36203691399,+41.76828817421,951715618368255616,174.3125149708,17.3361263691,1.6499,-3.372,-9.068,131,17.514816,2.170895,0.8,NGC_2281, ,102.36205637962,+41.76832721699
378,102.11099026947,+41.19418239772,951669786773407360,174.8003724233,16.9518784631,1.8267,-3.031,-8.349,145,17.626589,2.313469,1.0,NGC_2281,Gaia DR2 951669786773407360,102.11100761228,+41.19421834480
379,101.94729735158,+41.14261278885,951668614245697152,174.8031551964,16.8183247663,1.9732,-3.718,-8.746,132,17.587831,2.427103,1.0,NGC_2281,Gaia DR2 951668614245697152,101.94731860853,+41.14265044524
380,101.77865973034,+41.23676429189,951684527101204352,174.6628439112,16.7351233983,2.0503,-2.168,-8.021,112,11.573206,0.562395,1.0,NGC_2281,Gaia DR2 951684527101204352,101.77867214330,+41.23679882675
381,102.04966911739,+41.24603810786,951670783205821568,174.7322549588,16.9279946669,1.8979,-2.992,-7.960,140,13.236397,0.863853,1.0,NGC_2281,Gaia DR2 951670783205821568,102.04968625063,+41.24607238008
382,102.16702888825,+41.42476638488,951679407500116992,174.5920660727,17.0754271516,1.8623,-2.936,-8.744,127,12.761494,0.876516,1.0,NGC_2281,Gaia DR2 951679407500116992,102.16704574701,+41.42480403266
383,102.08481066898,+41.24061883690,951670160433955712,174.7476592231,16.9505872070,1.9738,-2.449,-8.133,151,17.599634,2.521505,1.0,NGC_2281,Gaia DR2 951670160433955712,102.08482469164,+41.24065385398
384,101.99476993471,+41.31373033961,951674356618609792,174.6506081499,16.9144722288,1.9513,-2.916,-8.477,132,14.449739,1.123420,1.0,NGC_2281,Gaia DR2 951674356618609792,101.99478665007,+41.31376683780
385,102.27207183253,+41.41968501613,951678651585862656,174.6270683711,17.1469180484,1.9151,-2.777,-8.077,137,17.074402,2.033171,1.0,NGC_2281,Gaia DR2 951678651585862656,102.27208777705,+41.41971979210
386,101.63244770385,+41.91308176191,951754105571417344,173.9639973020,16.8828557922,1.8305,-2.900,-8.083,132,14.579855,1.145938,1.0,NGC_2281,Gaia DR2 951754105571417344,101.63246448268,+41.91311656371
387,101.80168954581,+41.21221442653,951672707351206144,174.6933497608,16.7421458418,1.8425,-2.617,-8.097,123,16.081264,1.670326,1.0,NGC_2281,Gaia DR2 951672707351206144,101.80170452391,+41.21224928861
388,102.28751723794,+41.63114639049,951708746420440960,174.4252687007,17.2345751983,1.7123,-3.225,-7.900,133,17.278954,2.244873,0.9,NGC_2281, ,102.28753581532,+41.63118040438
389,101.69335980909,+41.40940020333,951689779844511360,174.4706118734,16.7394104307,1.9120,-2.841,-8.429,130,12.918982,0.934299,1.0,NGC_2281,Gaia DR2 951689779844511360,101.69337611849,+41.40943649486
390,102.11781892056,+41.24736888984,951675765367874432,174.7506052157,16.9761531167,1.8693,-2.856,-8.249,149,12.310346,0.712895,1.0,NGC_2281,Gaia DR2 951675765367874432,102.11783527535,+41.24740440637
391,101.74647135878,+41.57308822046,951693117035756928,174.3270375127,16.8367889929,1.8400,-2.779,-8.271,141,15.041438,1.310508,1.0,NGC_2281,Gaia DR2 951693117035756928,101.74648735262,+41.57312383171
392,101.76375558265,+41.31480705070,951685759755224704,174.5827913181,16.7535525729,1.8802,-2.728,-8.843,124,15.645210,1.510978,1.0,NGC_2281,Gaia DR2 951685759755224704,101.76377122060,+41.31484512473
393,102.02139377257,+41.32435816588,951674287899127424,174.6479474406,16.9369733193,1.9433,-3.042,-8.217,117,13.016514,0.818581,1.0,NGC_2281,Gaia DR2 951674287899127424,102.02141121304,+41.32439354463
394,101.98040936929,+41.04858103912,951667033697718784,174.9040786262,16.8068683158,1.7368,-3.553,-8.303,106,16.694155,1.959537,1.0,NGC_2281,Gaia DR2 951667033697718784,101.98042965383,+41.04861678815
395,102.09761733025,+41.32110807257,951676998021940096,174.6730489612,16.9890405094,1.7595,-2.871,-8.074,131,17.517311,2.276325,1.0,NGC_2281,Gaia DR2 951676998021940096,102.09763378952,+41.32114283562
396,102.22802317636,+41.49569433155,951679987319304576,174.5404050442,17.1438546502,1.9363,-3.330,-8.193,145,14.945301,1.250040,1.0,NGC_2281,Gaia DR2 951679987319304576,102.22804231842,+41.49572960697
397,101.77747278691,+41.49348364398,951691600910640512,174.4132880003,16.8290350276,1.8106,-2.463,-7.632,96,11.413654,0.657421,1.0,NGC_2281,Gaia DR2 951691600910640512,101.77748694465,+41.49351650398
398,102.09049960030,+41.30228510085,951676899239237632,174.6893142897,16.9771704610,1.8314,-2.908,-8.545,125,6.846769,1.456531,1.0,NGC_2281,Gaia DR2 951676899239237632,102.09051626688,+41.30232189182
399,102.10709122254,+41.49559152132,951683526372356096,174.5059349062,17.0594799913,1.7926,-2.808,-8.748,128,17.988792,2.506391,0.9,NGC_2281, ,102.10710736393,+41.49562918632
400,101.82486275930,+41.57233285404,951698786392577664,174.3503241732,16.8910408007,1.9032,-3.049,-8.335,141,16.780842,1.929194,1.0,NGC_2281,Gaia DR2 951698786392577664,101.82488030685,+41.57236874084
401,101.92854584905,+41.48072952779,951693666791559680,174.4691775414,16.9295821199,1.7297,-3.160,-8.075,143,14.384200,1.179112,1.0,NGC_2281,Gaia DR2 951693666791559680,101.92856400969,+41.48076429515
402,102.05495591037,+41.36542930838,951680300853332736,174.6176601688,16.9754754478,1.9186,-2.781,-8.246,123,13.963301,0.993923,1.0,NGC_2281,Gaia DR2 951680300853332736,102.05497186453,+41.36546481199
403,103.50341143797,+41.75765847502,951580932490377344,174.6414003932,18.1278232512,2.0600,-3.065,-8.716,121,16.066418,1.687336,0.9,NGC_2281, ,103.50342912845,+41.75769600224
404,101.93114505524,+42.52352847645,951891196631757056,173.4538994034,17.3116563216,1.9037,-2.428,-8.437,133,16.853140,1.975708,1.0,NGC_2281,Gaia DR2 951891196631757056,101.93115923963,+42.52356480242
405,102.14184479648,+42.68146349138,951913740915559296,173.3581768322,17.5132842119,1.8973,-2.920,-8.518,140,14.310758,1.081560,1.0,NGC_2281,Gaia DR2 951913740915559296,102.14186189844,+42.68150016610
406,101.68145813896,+42.07949712880,951778977726447232,173.8161859503,16.9778577657,2.0140,-3.058,-9.247,164,17.796951,2.639307,0.6,NGC_2281, ,101.68147587827,+42.07953694227
407,102.05482938940,+42.80802866500,951916798932148608,173.2102480238,17.4991605755,1.9173,-2.868,-8.277,139,14.778561,1.222701,1.0,NGC_2281,Gaia DR2 951916798932148608,102.05484622113,+42.80806430208
408,101.55865510599,+42.82487880772,951910442380477440,173.0557602982,17.1659893201,1.8729,-2.959,-8.720,152,14.405452,1.118019,1.0,NGC_2281,Gaia DR2 951910442380477440,101.55867247651,+42.82491635216
409,101.71549052654,+42.07382079264,951778741503600128,173.8313894634,16.9992797140,1.9580,-2.770,-8.599,155,14.877369,1.251349,1.0,NGC_2281,Gaia DR2 951778741503600128,101.71550659374,+42.07385781611
410,102.81519971378,+42.63645298444,951854813964226816,173.5875587781,17.9599389759,1.6411,-2.403,-7.598,111,14.627357,1.096211,0.7,NGC_2281, ,102.81521377757,+42.63648569805
411,102.68021724062,+42.61037237690,951855260640679296,173.5762599750,17.8578133911,1.9273,-3.120,-8.418,103,15.550845,1.589480,1.0,NGC_2281,Gaia DR2 951855260640679296,102.68023549307,+42.61040862107
412,101.42588001133,+42.34554693250,951798395273855232,173.4848299469,16.8995098177,1.9663,-3.181,-9.065,132,17.822979,2.343842,0.5,NGC_2281, ,101.42589854205,+42.34558596236
413,101.67074987453,+42.08228280609,951778982021679616,173.8104289279,16.9714853994,1.9674,-2.174,-8.135,159,17.143900,2.261772,1.0,NGC_2281,Gaia DR2 951778982021679616,101.67076248635,+42.08231783178
414,102.61591665815,+42.62985220368,951857047347078784,173.5394908965,17.8204878073,1.9807,-3.133,-8.677,154,13.124331,0.841971,0.9,NGC_2281, ,102.61593499239,+42.62988956298
415,102.49700764120,+42.32582771529,951824680473709184,173.8048939720,17.6301918480,2.0347,-2.771,-9.184,122,17.177265,2.390707,0.5,NGC_2281, ,102.49702377843,+42.32586725751
416,103.19626360626,+42.61552963335,952039257039826304,173.7117948786,18.2150966762,1.9992,-3.245,-8.663,124,14.696758,1.199060,0.9,NGC_2281, ,103.19628259155,+42.61556693238
417,103.88305428236,+42.39208210624,951965929062062208,174.1177451149,18.6125120472,1.8427,-3.167,-8.322,132,15.605783,1.705850,1.0,NGC_2281,Gaia DR2 951965929062062208,103.88307274520,+42.39211793707
